idItem,Autor,Data_traducao,Versao_Uniclass,versao_secclas,code_tabela,tabela_id,nivel_item,Group,Subgroup,Section,Object,code_item,title_item,titulo_SECClasS,review,descricao_SECClasS,especialidade,keywords
1000,SECClasS,2021-06-25T00:00:00.000+00:00,1.19,1,Entidades,,1,20,,,,En_20,"Administrative, commercial and protective service entities","Entidades de serviços administrativos, comerciais e de proteção",false,,Genérico,
1001,SECClasS,2021-06-25T00:00:00.000+00:00,1.19,1,Entidades,,2,20,10,,,En_20_10,Legislative entities,Entidades legislativas,false,,Genérico,
1002,SECClasS,2021-06-25T00:00:00.000+00:00,1.19,1,Entidades,,3,20,10,45,,En_20_10_45,Governmental buildings,Edifícios governamentais,false,,Genérico,
1003,SECClasS,2021-06-25T00:00:00.000+00:00,1.19,1,Entidades,,2,20,15,,,En_20_15,Administrative office entities,Entidades administrativas,false,,Genérico,
1004,SECClasS,2021-06-25T00:00:00.000+00:00,1.19,1,Entidades,,3,20,15,10,,En_20_15_10,Multiple occupation office buildings,Edifícios de escritórios com várias ocupações,false,,Genérico,
1005,SECClasS,2021-06-25T00:00:00.000+00:00,1.19,1,Entidades,,3,20,15,70,,En_20_15_70,Single occupation office buildings,Edifícios de escritórios de ocupação única,false,,Genérico,
1006,SECClasS,2021-06-25T00:00:00.000+00:00,1.19,1,Entidades,,2,20,20,,,En_20_20,Secular representative entities,Entidades representativas seculares,false,,Genérico,
1007,SECClasS,2021-06-25T00:00:00.000+00:00,1.19,1,Entidades,,3,20,20,10,,En_20_20_10,Buildings for representatives of nation states abroad,Edifícios representativos da nação no estrangeiro,false,,Genérico,
1008,SECClasS,2021-06-25T00:00:00.000+00:00,1.19,1,Entidades,,3,20,20,40,,En_20_20_40,Local government buildings,Edifícios do governo local,false,,Genérico,
1009,SECClasS,2021-06-25T00:00:00.000+00:00,1.19,1,Entidades,,3,20,20,50,,En_20_20_50,National government buildings,Edifícios do governo nacional,false,,Genérico,
1010,SECClasS,2021-06-25T00:00:00.000+00:00,1.19,1,Entidades,,3,20,20,70,,En_20_20_70,Regional government buildings,Edifícios do governo regional,false,,Genérico,
1011,SECClasS,2021-06-25T00:00:00.000+00:00,1.19,1,Entidades,,2,20,45,,,En_20_45,Motor vehicle maintenance and fuelling entities,Entidades de manutenção e abastecimento de veículos motorizados,false,,Genérico,
1012,SECClasS,2021-06-25T00:00:00.000+00:00,1.19,1,Entidades,,3,20,45,50,,En_20_45_50,Motor vehicle fuelling and charging entities,Entidades de abastecimento e carregamento de veículos motorizados,false,,Genérico,
1013,SECClasS,2021-06-25T00:00:00.000+00:00,1.19,1,Entidades,,3,20,45,54,,En_20_45_54,Motor vehicle servicing and repair entities,Entidades de manutenção e reparo de veículos motorizados,false,,Genérico,
1014,SECClasS,2021-06-25T00:00:00.000+00:00,1.19,1,Entidades,,2,20,50,,,En_20_50,Commercial entities,Entidades comerciais ,false,,Genérico,
1015,SECClasS,2021-06-25T00:00:00.000+00:00,1.19,1,Entidades,,3,20,50,5,,En_20_50_05,Auction buildings,Edifícios de leiloeiras,false,,Genérico,
1016,SECClasS,2021-06-25T00:00:00.000+00:00,1.19,1,Entidades,,3,20,50,22,,En_20_50_22,Department stores,Loja de departamento,false,,Genérico,
1017,SECClasS,2021-06-25T00:00:00.000+00:00,1.19,1,Entidades,,3,20,50,29,,En_20_50_29,Financial and professional services buildings,Edifícios de serviços financeiros e profissionais,false,,Genérico,
1018,SECClasS,2021-06-25T00:00:00.000+00:00,1.19,1,Entidades,,3,20,50,50,,En_20_50_50,Markets,Mercados,false,,Genérico,
1019,SECClasS,2021-06-25T00:00:00.000+00:00,1.19,1,Entidades,,3,20,50,53,,En_20_50_53,Mixed use buildings,Edifícios de uso misto,false,,Genérico,
1020,SECClasS,2021-06-25T00:00:00.000+00:00,1.19,1,Entidades,,3,20,50,55,,En_20_50_55,Motor vehicle sales entities,Entidades de vendas de veículos motorizados,false,,Genérico,
1021,SECClasS,2021-06-25T00:00:00.000+00:00,1.19,1,Entidades,,3,20,50,80,,En_20_50_80,Shop units,Lojas,false,,Genérico,
1022,SECClasS,2021-06-25T00:00:00.000+00:00,1.19,1,Entidades,,3,20,50,85,,En_20_50_85,Supermarkets,Supermercados,false,,Genérico,
1023,SECClasS,2021-06-25T00:00:00.000+00:00,1.19,1,Entidades,,3,20,50,97,,En_20_50_97,Wholesale buildings,Edifícios de venda por atacado,false,,Genérico,
1024,SECClasS,2021-06-25T00:00:00.000+00:00,1.19,1,Entidades,,2,20,55,,,En_20_55,Postal communications entities,Entidades de comunicação postal,false,,Genérico,
1025,SECClasS,2021-06-25T00:00:00.000+00:00,1.19,1,Entidades,,3,20,55,65,,En_20_55_65,Post office buildings,Edifícios de correios,false,,Genérico,
1026,SECClasS,2021-06-25T00:00:00.000+00:00,1.19,1,Entidades,,3,20,55,80,,En_20_55_80,Sorting office buildings,Edifícios de triagem do correio ,false,,Genérico,
1027,SECClasS,2021-06-25T00:00:00.000+00:00,1.19,1,Entidades,,2,20,60,,,En_20_60,Military entities,Entidades militares,false,,Genérico,
1028,SECClasS,2021-06-25T00:00:00.000+00:00,1.19,1,Entidades,,3,20,60,2,,En_20_60_02,Air force buildings,Edifícios da Força Aérea,false,,Genérico,
1029,SECClasS,2021-06-25T00:00:00.000+00:00,1.19,1,Entidades,,3,20,60,10,,En_20_60_10,Army buildings,Edifícios do Exército / Edifícos Militares do Exército,false,,Genérico,
1030,SECClasS,2021-06-25T00:00:00.000+00:00,1.19,1,Entidades,,3,20,60,56,,En_20_60_56,Navy buildings,Edifícios da Marinha / Edifícos Militares da Marinha,false,,Genérico,
1031,SECClasS,2021-06-25T00:00:00.000+00:00,1.19,1,Entidades,,2,20,65,,,En_20_65,Law enforcement operational entities,Entidades das forças de segurança pública,false,,Genérico,
1032,SECClasS,2021-06-25T00:00:00.000+00:00,1.19,1,Entidades,,3,20,65,9,,En_20_65_09,Police buildings,Edifícios da polícia,false,,Genérico,
1033,SECClasS,2021-06-25T00:00:00.000+00:00,1.19,1,Entidades,,2,20,70,,,En_20_70,Judicial entities,Entidades judiciais,false,,Genérico,
1034,SECClasS,2021-06-25T00:00:00.000+00:00,1.19,1,Entidades,,3,20,70,40,,En_20_70_40,Law court buildings,Tribunais,false,,Genérico,
1035,SECClasS,2021-06-25T00:00:00.000+00:00,1.19,1,Entidades,,2,20,75,,,En_20_75,Detention entities,Entidades de detenção,false,,Genérico,
1036,SECClasS,2021-06-25T00:00:00.000+00:00,1.19,1,Entidades,,3,20,75,10,,En_20_75_10,Detention buildings,Estabelecimento prisional,false,,Genérico,
1037,SECClasS,2021-06-25T00:00:00.000+00:00,1.19,1,Entidades,,2,20,80,,,En_20_80,Weapons training ranges,Carreiras de tiro,false,,Genérico,
1038,SECClasS,2021-06-25T00:00:00.000+00:00,1.19,1,Entidades,,3,20,80,29,,En_20_80_29,Firing range buildings,Carreiras de tiro interiores,false,,Genérico,
1039,SECClasS,2021-06-25T00:00:00.000+00:00,1.19,1,Entidades,,3,20,80,30,,En_20_80_30,Exterior firing ranges,Carreiras de tiro exterior,false,,Genérico,
1040,SECClasS,2021-06-25T00:00:00.000+00:00,1.19,1,Entidades,,2,20,85,,,En_20_85,Security entities,Entidades de segurança,false,,Genérico,
1041,SECClasS,2021-06-25T00:00:00.000+00:00,1.19,1,Entidades,,3,20,85,15,,En_20_85_15,Security control buildings,Edifícios de controlo de segurança,false,,Genérico,
1042,SECClasS,2021-06-25T00:00:00.000+00:00,1.19,1,Entidades,,3,20,85,30,,En_20_85_30,Security fences,Cercas de segurança,false,,Genérico,
1043,SECClasS,2021-06-25T00:00:00.000+00:00,1.19,1,Entidades,,2,20,90,,,En_20_90,Incident support entities,Entidades de suporte à emergência,false,,Genérico,
1044,SECClasS,2021-06-25T00:00:00.000+00:00,1.19,1,Entidades,,3,20,90,10,,En_20_90_10,Fire and rescue training buildings,Edifícios de treino de combate a incêndio e salvamento ,false,,Genérico,
1045,SECClasS,2021-06-25T00:00:00.000+00:00,1.19,1,Entidades,,3,20,90,15,,En_20_90_15,Fire station buildings,Quarteis de bombeiros,false,,Genérico,
1046,SECClasS,2021-06-25T00:00:00.000+00:00,1.19,1,Entidades,,1,25,,,,En_25,"Cultural, educational, scientific and information entities","Entidades culturais, educacionais, científicas e de informação",false,,Genérico,
1047,SECClasS,2021-06-25T00:00:00.000+00:00,1.19,1,Entidades,,2,25,5,,,En_25_05,Commemoration entities,Entidades comemorativas,false,,Genérico,
1048,SECClasS,2021-06-25T00:00:00.000+00:00,1.19,1,Entidades,,3,25,5,35,,En_25_05_35,Gardens of remembrance,Jardins memoriais,false,,Genérico,
1049,SECClasS,2021-06-25T00:00:00.000+00:00,1.19,1,Entidades,,3,25,5,50,,En_25_05_50,Memorials,Memoriais,false,,Genérico,
1050,SECClasS,2021-06-25T00:00:00.000+00:00,1.19,1,Entidades,,3,25,5,55,,En_25_05_55,Monuments,Monumentos,false,,Genérico,
1051,SECClasS,2021-06-25T00:00:00.000+00:00,1.19,1,Entidades,,2,25,10,,,En_25_10,Educational entities,Entidades educacionais,false,,Genérico,
1052,SECClasS,2021-06-25T00:00:00.000+00:00,1.19,1,Entidades,,3,25,10,10,,En_25_10_10,Preschool educational buildings,Edifícios de ensino pré-escolar,false,,Genérico,
1053,SECClasS,2021-06-25T00:00:00.000+00:00,1.19,1,Entidades,,3,25,10,20,,En_25_10_20,Infant educational buildings,Edifícios de ensino infantil ,false,,Genérico,
1054,SECClasS,2021-06-25T00:00:00.000+00:00,1.19,1,Entidades,,3,25,10,30,,En_25_10_30,Primary educational buildings,Edifícios de ensino primário ,false,,Genérico,
1055,SECClasS,2021-06-25T00:00:00.000+00:00,1.19,1,Entidades,,3,25,10,40,,En_25_10_40,Secondary educational buildings,Edifícios de ensino secundário,false,,Genérico,
1056,SECClasS,2021-06-25T00:00:00.000+00:00,1.19,1,Entidades,,3,25,10,50,,En_25_10_50,Pre-tertiary educational buildings,Edifícios de ensino pré-terciário,false,,Genérico,
1057,SECClasS,2021-06-25T00:00:00.000+00:00,1.19,1,Entidades,,3,25,10,60,,En_25_10_60,Tertiary educational buildings,Edifícios de ensino superior,false,,Genérico,
1058,SECClasS,2021-06-25T00:00:00.000+00:00,1.19,1,Entidades,,3,25,10,70,,En_25_10_70,Adult educational buildings,Edifícios educacionais para adultos,false,,Genérico,
1059,SECClasS,2021-06-25T00:00:00.000+00:00,1.19,1,Entidades,,2,25,30,,,En_25_30,Scientific and laboratory entities,Entidades científicas e laboratoriais,false,,Genérico,
1060,SECClasS,2021-06-25T00:00:00.000+00:00,1.19,1,Entidades,,3,25,30,40,,En_25_30_40,Laboratory buildings,Edifícios de laboratórios,false,,Genérico,
1061,SECClasS,2021-06-25T00:00:00.000+00:00,1.19,1,Entidades,,3,25,30,50,,En_25_30_50,Meteorological stations,Estações meteorológicas,false,,Genérico,
1062,SECClasS,2021-06-25T00:00:00.000+00:00,1.19,1,Entidades,,3,25,30,60,,En_25_30_60,Observatory buildings,Observatórios,false,,Genérico,
1063,SECClasS,2021-06-25T00:00:00.000+00:00,1.19,1,Entidades,,3,25,30,66,,En_25_30_66,Observatory antennas,Antenas de observatório,false,,Genérico,
1064,SECClasS,2021-06-25T00:00:00.000+00:00,1.19,1,Entidades,,3,25,30,70,,En_25_30_70,Research buildings,Edifícios de Investigação,false,,Genérico,
1065,SECClasS,2021-06-25T00:00:00.000+00:00,1.19,1,Entidades,,3,25,30,77,,En_25_30_77,Seed banks,Banco de sementes ,false,,Genérico,
1066,SECClasS,2021-06-25T00:00:00.000+00:00,1.19,1,Entidades,,3,25,30,90,,En_25_30_90,Triangulation pillars,Pilares de triangulação,false,,Genérico,
1067,SECClasS,2021-06-25T00:00:00.000+00:00,1.19,1,Entidades,,2,25,50,,,En_25_50,Exhibition entities,Entidades de exposição,false,,Genérico,
1068,SECClasS,2021-06-25T00:00:00.000+00:00,1.19,1,Entidades,,3,25,50,2,,En_25_50_02,Art exhibition buildings,Edifícios de exposição de arte ,false,,Genérico,
1069,SECClasS,2021-06-25T00:00:00.000+00:00,1.19,1,Entidades,,3,25,50,4,,En_25_50_04,Art installations,Instalações de arte,false,,Genérico,
1070,SECClasS,2021-06-25T00:00:00.000+00:00,1.19,1,Entidades,,3,25,50,15,,En_25_50_15,Collection exhibition buildings,,false,,Genérico,
1071,SECClasS,2021-06-25T00:00:00.000+00:00,1.19,1,Entidades,,3,25,50,29,,En_25_50_29,Fauna exhibition buildings,Edifícios expositivos de coleções,false,,Genérico,
1072,SECClasS,2021-06-25T00:00:00.000+00:00,1.19,1,Entidades,,3,25,50,30,,En_25_50_30,Fauna exhibition grounds,Edifícios expositivos para animais,false,,Genérico,
1073,SECClasS,2021-06-25T00:00:00.000+00:00,1.19,1,Entidades,,3,25,50,31,,En_25_50_31,Flora exhibition buildings,Recintos expositivos para animais,false,,Genérico,
1074,SECClasS,2021-06-25T00:00:00.000+00:00,1.19,1,Entidades,,3,25,50,32,,En_25_50_32,Flora exhibition grounds,Edifícios expositivos para plantas,false,,Genérico,
1075,SECClasS,2021-06-25T00:00:00.000+00:00,1.19,1,Entidades,,3,25,50,54,,En_25_50_54,Multipurpose exhibition buildings,Recintos expositivos para plantas,false,,Genérico,
1076,SECClasS,2021-06-25T00:00:00.000+00:00,1.19,1,Entidades,,2,25,70,,,En_25_70,Information entities,Edifícios de exposição multi-uso ,false,,Genérico,
1077,SECClasS,2021-06-25T00:00:00.000+00:00,1.19,1,Entidades,,3,25,70,2,,En_25_70_02,Archive buildings,Entidades de informação,false,,Genérico,
1078,SECClasS,2021-06-25T00:00:00.000+00:00,1.19,1,Entidades,,3,25,70,13,,En_25_70_13,Conference buildings,Edifícios de arquivo,false,,Genérico,
1079,SECClasS,2021-06-25T00:00:00.000+00:00,1.19,1,Entidades,,3,25,70,42,,En_25_70_42,Information kiosks,Edifícios de conferências ,false,,Genérico,
1080,SECClasS,2021-06-25T00:00:00.000+00:00,1.19,1,Entidades,,3,25,70,47,,En_25_70_47,Library buildings,Quiosques de informação,false,,Genérico,
1081,SECClasS,2021-06-25T00:00:00.000+00:00,1.19,1,Entidades,,2,25,90,,,En_25_90,Worship entities,Bibliotecas,false,,Genérico,
1082,SECClasS,2021-06-25T00:00:00.000+00:00,1.19,1,Entidades,,3,25,90,30,,En_25_90_30,Faith worship buildings,Entidades de culto,false,,Genérico,
1083,SECClasS,2021-06-25T00:00:00.000+00:00,1.19,1,Entidades,,1,30,,,,En_30,Industrial entities,Edifícios de culto religioso ,false,,Genérico,
1084,SECClasS,2021-06-25T00:00:00.000+00:00,1.19,1,Entidades,,2,30,10,,,En_30_10,Mineral extraction entities,Entidades industriais ,false,,Genérico,
1085,SECClasS,2021-06-25T00:00:00.000+00:00,1.19,1,Entidades,,3,30,10,57,,En_30_10_57,Offshore oil and gas extraction platforms,Entidades de extração mineral,false,,Genérico,
1086,SECClasS,2021-06-25T00:00:00.000+00:00,1.19,1,Entidades,,3,30,10,80,,En_30_10_80,Spoil heaps,Plataformas de extração de petróleo e gás offshore,false,,Genérico,
1087,SECClasS,2021-06-25T00:00:00.000+00:00,1.19,1,Entidades,,3,30,10,85,,En_30_10_85,Surface mining structures,Depósito de resíduos de minas,false,,Genérico,
1088,SECClasS,2021-06-25T00:00:00.000+00:00,1.19,1,Entidades,,3,30,10,86,,En_30_10_86,Surface mining cuttings,Estruturas de mineração de superfície,false,,Genérico,
1089,SECClasS,2021-06-25T00:00:00.000+00:00,1.19,1,Entidades,,3,30,10,90,,En_30_10_90,Underground mining structures,Aterro para mineração de superfície ,false,,Genérico,
1090,SECClasS,2021-06-25T00:00:00.000+00:00,1.19,1,Entidades,,2,30,20,,,En_30_20,Nuclear and chemical management entities,Estruturas de mineração subterrânea,false,,Genérico,
1091,SECClasS,2021-06-25T00:00:00.000+00:00,1.19,1,Entidades,,3,30,20,15,,En_30_20_15,Radioactivity waste management control buildings,Entidades de gestão nuclear e química,false,,Genérico,
1092,SECClasS,2021-06-25T00:00:00.000+00:00,1.19,1,Entidades,,3,30,20,30,,En_30_20_30,High heat generating radioactive waste management tunnel,Edifícios de controlo e gestão de resíduos radioativos,false,,Genérico,
1093,SECClasS,2021-06-25T00:00:00.000+00:00,1.19,1,Entidades,,3,30,20,35,,En_30_20_35,High heat radioactive waste package transfer buildings,Tunel de gestão de resíduos radioativos com alta produção de calor,false,,Genérico,
1094,SECClasS,2021-06-25T00:00:00.000+00:00,1.19,1,Entidades,,3,30,20,45,,En_30_20_45,Low heat radioactive waste package transfer buildings,Edifícios de transferência de embalagens de contenção de resíduos radioativos com alta produção de calor ,false,,Genérico,
1095,SECClasS,2021-06-25T00:00:00.000+00:00,1.19,1,Entidades,,3,30,20,60,,En_30_20_60,Low heat generating radioactive waste management vault,Edifícios de transferência de embalagens de contenção de resíduos radioativos com baixa produção de calor,false,,Genérico,
1096,SECClasS,2021-06-25T00:00:00.000+00:00,1.19,1,Entidades,,3,30,20,70,,En_30_20_70,Radioactivity decontamination buildings,Depósito de resíduos radioativos com baixa produção de calor,false,,Genérico,
1097,SECClasS,2021-06-25T00:00:00.000+00:00,1.19,1,Entidades,,3,30,20,75,,En_30_20_75,Radioactivity effluent management buildings,Edifícios de descontaminação de radioatividade,false,,Genérico,
1098,SECClasS,2021-06-25T00:00:00.000+00:00,1.19,1,Entidades,,2,30,30,,,En_30_30,Mineral processing entities,Edifícios de gestão de efluentes radioativos,false,,Genérico,
1099,SECClasS,2021-06-25T00:00:00.000+00:00,1.19,1,Entidades,,3,30,30,33,,En_30_30_33,Gas processing structures,Entidades de processamento de minerais ,false,,Genérico,
1100,SECClasS,2021-06-25T00:00:00.000+00:00,1.19,1,Entidades,,3,30,30,58,,En_30_30_58,Oil processing structures,Estruturas de processamento de gás,false,,Genérico,
1101,SECClasS,2021-06-25T00:00:00.000+00:00,1.19,1,Entidades,,3,30,30,59,,En_30_30_59,Ore processing structures,Estruturas de processamento de óleo,false,,Genérico,
1102,SECClasS,2021-06-25T00:00:00.000+00:00,1.19,1,Entidades,,2,30,40,,,En_30_40,Animal and plant products processing entities,Estruturas de processamento de minérios,false,,Genérico,
1103,SECClasS,2021-06-25T00:00:00.000+00:00,1.19,1,Entidades,,3,30,40,1,,En_30_40_01,Animal processing buildings,Entidades de processamento de produtos de origem animal e vegetal,false,,Genérico,
1104,SECClasS,2021-06-25T00:00:00.000+00:00,1.19,1,Entidades,,3,30,40,20,,En_30_40_20,Crop processing buildings,Edifícios de processamento animal,false,,Genérico,
1105,SECClasS,2021-06-25T00:00:00.000+00:00,1.19,1,Entidades,,3,30,40,30,,En_30_40_30,Fish processing buildings,Edifícios de processamento de colheita,false,,Genérico,
1106,SECClasS,2021-06-25T00:00:00.000+00:00,1.19,1,Entidades,,3,30,40,40,,En_30_40_40,Horticultural processing buildings,Edifícios de processamento de pescado,false,,Genérico,
1107,SECClasS,2021-06-25T00:00:00.000+00:00,1.19,1,Entidades,,3,30,40,90,,En_30_40_90,Timber processing buildings,Edifícios de processamento de horticultura,false,,Genérico,
1108,SECClasS,2021-06-25T00:00:00.000+00:00,1.19,1,Entidades,,2,30,50,,,En_30_50,Manufacturing entities,Edifícios de processamento de madeira,false,,Genérico,
1109,SECClasS,2021-06-25T00:00:00.000+00:00,1.19,1,Entidades,,3,30,50,15,,En_30_50_15,Cranes,Entidades de manufatura,false,,Genérico,
1110,SECClasS,2021-06-25T00:00:00.000+00:00,1.19,1,Entidades,,3,30,50,50,,En_30_50_50,Manufacturing buildings,Gruas,false,,Genérico,
1111,SECClasS,2021-06-25T00:00:00.000+00:00,1.19,1,Entidades,,2,30,60,,,En_30_60,Cleaning and maintenance entities,Edifícios de manufatura,false,,Genérico,
1112,SECClasS,2021-06-25T00:00:00.000+00:00,1.19,1,Entidades,,3,30,60,20,,En_30_60_20,Decontamination laundry buildings,Entidades de limpeza e manutenção,false,,Genérico,
1113,SECClasS,2021-06-25T00:00:00.000+00:00,1.19,1,Entidades,,3,30,60,40,,En_30_60_40,Laundry buildings,Edifícios de lanvandaria e descontaminação,false,,Genérico,
1114,SECClasS,2021-06-25T00:00:00.000+00:00,1.19,1,Entidades,,3,30,60,50,,En_30_60_50,Maintenance buildings,Edifícios de lanvandaria ,false,,Genérico,
1115,SECClasS,2021-06-25T00:00:00.000+00:00,1.19,1,Entidades,,3,30,60,94,,En_30_60_94,Vehicle cleaning buildings,Edifícios de manutenção,false,,Genérico,
1116,SECClasS,2021-06-25T00:00:00.000+00:00,1.19,1,Entidades,,2,30,70,,,En_30_70,Process entities,Edifícios de limpeza de veículos ,false,,Genérico,
1117,SECClasS,2021-06-25T00:00:00.000+00:00,1.19,1,Entidades,,3,30,70,13,,En_30_70_13,Chimney stacks,Entidades de processamento ,false,,Genérico,
1118,SECClasS,2021-06-25T00:00:00.000+00:00,1.19,1,Entidades,,3,30,70,15,,En_30_70_15,Conveyors,Chaminés,false,,Genérico,
1119,SECClasS,2021-06-25T00:00:00.000+00:00,1.19,1,Entidades,,3,30,70,17,,En_30_70_17,Cooling towers,Correia transportadora,false,,Genérico,
1120,SECClasS,2021-06-25T00:00:00.000+00:00,1.19,1,Entidades,,3,30,70,28,,En_30_70_28,Equipment gantries,Torres de refrigeração,false,,Genérico,
1121,SECClasS,2021-06-25T00:00:00.000+00:00,1.19,1,Entidades,,2,30,80,,,En_30_80,Mechanical power generation,Pórticos,false,,Genérico,
1122,SECClasS,2021-06-25T00:00:00.000+00:00,1.19,1,Entidades,,3,30,80,96,,En_30_80_96,Watermills,Produção de energia mecânica,false,,Genérico,
1123,SECClasS,2021-06-25T00:00:00.000+00:00,1.19,1,Entidades,,3,30,80,97,,En_30_80_97,Windmills,Moinhos de água,false,,Genérico,
1124,SECClasS,2021-06-25T00:00:00.000+00:00,1.19,1,Entidades,,2,30,85,,,En_30_85,Marine and water entities,Moinhos de vento,false,,Genérico,
1125,SECClasS,2021-06-25T00:00:00.000+00:00,1.19,1,Entidades,,3,30,85,7,,En_30_85_07,Boathouse buildings,Entidades marinhas e aquáticas,false,,Genérico,
1126,SECClasS,2021-06-25T00:00:00.000+00:00,1.19,1,Entidades,,3,30,85,8,,En_30_85_08,Boatyard buildings,Armazéns de embarcações ,false,,Genérico,
1127,SECClasS,2021-06-25T00:00:00.000+00:00,1.19,1,Entidades,,3,30,85,24,,En_30_85_24,Dry docks,Estaleiros de embarcações,false,,Genérico,
1128,SECClasS,2021-06-25T00:00:00.000+00:00,1.19,1,Entidades,,3,30,85,80,,En_30_85_80,Shipyard buildings,Docas secas,false,,Genérico,
1129,SECClasS,2021-06-25T00:00:00.000+00:00,1.19,1,Entidades,,3,30,85,97,,En_30_85_97,Wet docks,Estaleiros para navios ,false,,Genérico,
1130,SECClasS,2021-06-25T00:00:00.000+00:00,1.19,1,Entidades,,2,30,90,,,En_30_90,Warehousing and distribution entities,Docas ,false,,Genérico,
1131,SECClasS,2021-06-25T00:00:00.000+00:00,1.19,1,Entidades,,3,30,90,33,,En_30_90_33,Goods warehousing buildings,Entidades de armazenagem e distribuição,false,,Genérico,
1132,SECClasS,2021-06-25T00:00:00.000+00:00,1.19,1,Entidades,,3,30,90,35,,En_30_90_35,Goods distribution buildings,Armazém de mercadorias,false,,Genérico,
1133,SECClasS,2021-06-25T00:00:00.000+00:00,1.19,1,Entidades,,1,32,,,,En_32,Water and land management entities,Edifícios de distribuição de mercadorias,false,,Genérico,
1134,SECClasS,2021-06-25T00:00:00.000+00:00,1.19,1,Entidades,,2,32,10,,,En_32_10,Agricultural and horticultural entities,Entidades de gestão de território marítimo e terrestre,false,,Genérico,
1135,SECClasS,2021-06-25T00:00:00.000+00:00,1.19,1,Entidades,,3,32,10,2,,En_32_10_02,Arable buildings,Entidades agrícolas e hortícolas,false,,Genérico,
1136,SECClasS,2021-06-25T00:00:00.000+00:00,1.19,1,Entidades,,3,32,10,4,,En_32_10_04,Arable land,Edifício de suporte à agricultura ,false,,Genérico,
1137,SECClasS,2021-06-25T00:00:00.000+00:00,1.19,1,Entidades,,3,32,10,20,,En_32_10_20,Coppices,Terreno cultivável,false,,Genérico,
1138,SECClasS,2021-06-25T00:00:00.000+00:00,1.19,1,Entidades,,3,32,10,28,,En_32_10_28,Fishing buildings,Talhadia,false,,Genérico,
1139,SECClasS,2021-06-25T00:00:00.000+00:00,1.19,1,Entidades,,3,32,10,29,,En_32_10_29,Fishing cages,Edifícios de pesca,false,,Genérico,
1140,SECClasS,2021-06-25T00:00:00.000+00:00,1.19,1,Entidades,,3,32,10,30,,En_32_10_30,Forestry buildings,Armadilha de pesca,false,,Genérico,
1141,SECClasS,2021-06-25T00:00:00.000+00:00,1.19,1,Entidades,,3,32,10,31,,En_32_10_31,Forestry plantations,Edifícios florestais,false,,Genérico,
1142,SECClasS,2021-06-25T00:00:00.000+00:00,1.19,1,Entidades,,3,32,10,37,,En_32_10_37,Hedges,Plantações florestais,false,,Genérico,
1143,SECClasS,2021-06-25T00:00:00.000+00:00,1.19,1,Entidades,,3,32,10,39,,En_32_10_39,Horticultural buildings,Sebes,false,,Genérico,
1144,SECClasS,2021-06-25T00:00:00.000+00:00,1.19,1,Entidades,,3,32,10,40,,En_32_10_40,Horticultural land,Edifícios hortícolas,false,,Genérico,
1145,SECClasS,2021-06-25T00:00:00.000+00:00,1.19,1,Entidades,,3,32,10,46,,En_32_10_46,Livestock buildings,Terreno hortícola,false,,Genérico,
1146,SECClasS,2021-06-25T00:00:00.000+00:00,1.19,1,Entidades,,3,32,10,47,,En_32_10_47,Livestock paddocks and fields,Edifícios de gado,false,,Genérico,
1147,SECClasS,2021-06-25T00:00:00.000+00:00,1.19,1,Entidades,,3,32,10,93,,En_32_10_93,Vineyard and winery buildings,Campos e padoques de gado ,false,,Genérico,
1148,SECClasS,2021-06-25T00:00:00.000+00:00,1.19,1,Entidades,,3,32,10,94,,En_32_10_94,Vineyard plantations,Edifícios vinícolas e campos de vinhas,false,,Genérico,
1149,SECClasS,2021-06-25T00:00:00.000+00:00,1.19,1,Entidades,,2,32,35,,,En_32_35,Grounds,Campos de plantação de vinha,false,,Genérico,
1150,SECClasS,2021-06-25T00:00:00.000+00:00,1.19,1,Entidades,,3,32,35,5,,En_32_35_05,Arboretums,Terreno,false,,Genérico,
1151,SECClasS,2021-06-25T00:00:00.000+00:00,1.19,1,Entidades,,3,32,35,15,,En_32_35_15,Community gardens,Arboretos,false,,Genérico,
1152,SECClasS,2021-06-25T00:00:00.000+00:00,1.19,1,Entidades,,3,32,35,33,,En_32_35_33,Gardens,Jardins comunitários,false,,Paisagismo,
1153,SECClasS,2021-06-25T00:00:00.000+00:00,1.19,1,Entidades,,3,32,35,36,,En_32_35_36,Hard landscapes,Jardins,false,,Paisagismo,
1154,SECClasS,2021-06-25T00:00:00.000+00:00,1.19,1,Entidades,,3,32,35,80,,En_32_35_80,Soft landscapes,Arranjos paisagísticos com elementos rígidos ,false,,Paisagismo,
1155,SECClasS,2021-06-25T00:00:00.000+00:00,1.19,1,Entidades,,2,32,40,,,En_32_40,Land managed entities,Arranjos paisagísticos com elementos maleáveis,false,,Geotecnia ,
1156,SECClasS,2021-06-25T00:00:00.000+00:00,1.19,1,Entidades,,3,32,40,20,,En_32_40_20,Cuttings,Entidades de gestão territorial,false,,Geotecnia ,
1157,SECClasS,2021-06-25T00:00:00.000+00:00,1.19,1,Entidades,,3,32,40,26,,En_32_40_26,Embankments,Taludes ,false,,Geotecnia ,
1158,SECClasS,2021-06-25T00:00:00.000+00:00,1.19,1,Entidades,,3,32,40,30,,En_32_40_30,false cuttings,Aterros ,false,,Geotecnia ,
1159,SECClasS,2021-06-25T00:00:00.000+00:00,1.19,1,Entidades,,3,32,40,90,,En_32_40_90,Trenches,Rebaixamento,false,,Geotecnia ,
1160,SECClasS,2021-06-25T00:00:00.000+00:00,1.19,1,Entidades,,2,32,50,,,En_32_50,Marine and waterside entities,Trincheiras,false,,Eng. Hidráulica,
1161,SECClasS,2021-06-25T00:00:00.000+00:00,1.19,1,Entidades,,3,32,50,20,,En_32_50_20,Degaussing and acoustic ranges,Entidades marinhas e ribeirinhas,false,,Eng. Hidráulica,
1162,SECClasS,2021-06-25T00:00:00.000+00:00,1.19,1,Entidades,,3,32,50,22,,En_32_50_22,Dock buildings,Estrutura de desmagnetização ,false,,Eng. Hidráulica,
1163,SECClasS,2021-06-25T00:00:00.000+00:00,1.19,1,Entidades,,3,32,50,44,,En_32_50_44,Jetties,Edifícios de apoio à doca ,false,,Eng. Hidráulica,
1164,SECClasS,2021-06-25T00:00:00.000+00:00,1.19,1,Entidades,,3,32,50,46,,En_32_50_46,Landing stages,Molhes,false,,Eng. Hidráulica,
1165,SECClasS,2021-06-25T00:00:00.000+00:00,1.19,1,Entidades,,3,32,50,58,,En_32_50_58,Offshore anchorages,Plataformas de desembarque,false,,Eng. Hidráulica,
1166,SECClasS,2021-06-25T00:00:00.000+00:00,1.19,1,Entidades,,3,32,50,63,,En_32_50_63,Piers,Ancoragens,false,,Eng. Hidráulica,
1167,SECClasS,2021-06-25T00:00:00.000+00:00,1.19,1,Entidades,,3,32,50,65,,En_32_50_65,Pontoons,Plataformas de desembarque ( sustentadas por pilares ),false,,Eng. Hidráulica,
1168,SECClasS,2021-06-25T00:00:00.000+00:00,1.19,1,Entidades,,3,32,50,69,,En_32_50_69,Quays,Pontões,false,,Eng. Hidráulica,
1169,SECClasS,2021-06-25T00:00:00.000+00:00,1.19,1,Entidades,,3,32,50,96,,En_32_50_96,Waterside platforms,Cais em margens,false,,Eng. Hidráulica,
1170,SECClasS,2021-06-25T00:00:00.000+00:00,1.19,1,Entidades,,3,32,50,98,,En_32_50_98,Wharfs,Plataformas à beira-mar,false,,Eng. Hidráulica,
1171,SECClasS,2021-06-25T00:00:00.000+00:00,1.19,1,Entidades,,2,32,60,,,En_32_60,Pollution control entities,Cais construídos,false,,Genérico,
1172,SECClasS,2021-06-25T00:00:00.000+00:00,1.19,1,Entidades,,3,32,60,60,,En_32_60_60,Permeable reactive barriers,Entidades de controlo de poluição,false,,Genérico,
1173,SECClasS,2021-06-25T00:00:00.000+00:00,1.19,1,Entidades,,2,32,65,,,En_32_65,Natural entities,Barreiras Permeáveis Reativas,false,,Genérico,
1174,SECClasS,2021-06-25T00:00:00.000+00:00,1.19,1,Entidades,,3,32,65,6,,En_32_65_06,Beaches,Entidades da natureza ,false,,Genérico,
1175,SECClasS,2021-06-25T00:00:00.000+00:00,1.19,1,Entidades,,3,32,65,37,,En_32_65_37,Heathlands,Praias,false,,Genérico,
1176,SECClasS,2021-06-25T00:00:00.000+00:00,1.19,1,Entidades,,3,32,65,50,,En_32_65_50,Marshes and wet grasslands,Charnecas,false,,Genérico,
1177,SECClasS,2021-06-25T00:00:00.000+00:00,1.19,1,Entidades,,3,32,65,51,,En_32_65_51,Meadows,Pântanos e pastagens húmidas,false,,Genérico,
1178,SECClasS,2021-06-25T00:00:00.000+00:00,1.19,1,Entidades,,3,32,65,53,,En_32_65_53,Moorlands,Prados,false,,Genérico,
1179,SECClasS,2021-06-25T00:00:00.000+00:00,1.19,1,Entidades,,3,32,65,55,,En_32_65_55,Mudflats,Terreno montanhoso árido,false,,Genérico,
1180,SECClasS,2021-06-25T00:00:00.000+00:00,1.19,1,Entidades,,3,32,65,59,,En_32_65_59,Open grasslands,Terreno pantanoso,false,,Genérico,
1181,SECClasS,2021-06-25T00:00:00.000+00:00,1.19,1,Entidades,,3,32,65,73,,En_32_65_73,Rocks and screes,Prados,false,,Genérico,
1182,SECClasS,2021-06-25T00:00:00.000+00:00,1.19,1,Entidades,,3,32,65,75,,En_32_65_75,Sand dunes,Rochas e depósitos rochosos ,false,,Genérico,
1183,SECClasS,2021-06-25T00:00:00.000+00:00,1.19,1,Entidades,,3,32,65,76,,En_32_65_76,Scrub,Dunas de areia,false,,Genérico,
1184,SECClasS,2021-06-25T00:00:00.000+00:00,1.19,1,Entidades,,3,32,65,80,,En_32_65_80,Shingle banks,Matagal,false,,Genérico,
1185,SECClasS,2021-06-25T00:00:00.000+00:00,1.19,1,Entidades,,3,32,65,81,,En_32_65_81,Shores,Depósito de seixo,false,,Genérico,
1186,SECClasS,2021-06-25T00:00:00.000+00:00,1.19,1,Entidades,,3,32,65,82,,En_32_65_82,Species-rich grassland,Costa,false,,Genérico,
1187,SECClasS,2021-06-25T00:00:00.000+00:00,1.19,1,Entidades,,3,32,65,95,,En_32_65_95,Washland,Pastagens biodiversas,false,,Genérico,
1188,SECClasS,2021-06-25T00:00:00.000+00:00,1.19,1,Entidades,,2,32,85,,,En_32_85,Water control and retaining entities,Leito de cheia,false,,Eng. Hidráulica,
1189,SECClasS,2021-06-25T00:00:00.000+00:00,1.19,1,Entidades,,3,32,85,6,,En_32_85_06,Barrier beaches,Entidades de controlo e retenção de água,false,,Eng. Hidráulica,
1190,SECClasS,2021-06-25T00:00:00.000+00:00,1.19,1,Entidades,,3,32,85,10,,En_32_85_10,Breakwaters,Ilhas de barreira,false,,Eng. Hidráulica,
1191,SECClasS,2021-06-25T00:00:00.000+00:00,1.19,1,Entidades,,3,32,85,15,,En_32_85_15,Control gates,Quebra-mares,false,,Eng. Hidráulica,
1192,SECClasS,2021-06-25T00:00:00.000+00:00,1.19,1,Entidades,,3,32,85,21,,En_32_85_21,Dams,Portas de controlo ,false,,Eng. Hidráulica,
1193,SECClasS,2021-06-25T00:00:00.000+00:00,1.19,1,Entidades,,3,32,85,23,,En_32_85_23,Debris screens,Barragens,false,,Eng. Hidráulica,
1194,SECClasS,2021-06-25T00:00:00.000+00:00,1.19,1,Entidades,,3,32,85,24,,En_32_85_24,Dolphins,Filtros de resíduos ,false,,Eng. Hidráulica,
1195,SECClasS,2021-06-25T00:00:00.000+00:00,1.19,1,Entidades,,3,32,85,25,,En_32_85_25,Draw-off towers,Estrutura de proteção de pilar,false,,Eng. Hidráulica,
1196,SECClasS,2021-06-25T00:00:00.000+00:00,1.19,1,Entidades,,3,32,85,30,,En_32_85_30,Flood prevention structures,Torres de reservatórios de água potável ,false,,Eng. Hidráulica,
1197,SECClasS,2021-06-25T00:00:00.000+00:00,1.19,1,Entidades,,3,32,85,31,,En_32_85_31,Flumes,Estruturas de controlo de inundações,false,,Eng. Hidráulica,
1198,SECClasS,2021-06-25T00:00:00.000+00:00,1.19,1,Entidades,,3,32,85,35,,En_32_85_35,Groynes,Canais artificiais de transporte de água ,false,,Eng. Hidráulica,
1199,SECClasS,2021-06-25T00:00:00.000+00:00,1.19,1,Entidades,,3,32,85,37,,En_32_85_37,High ground,Esporão,false,,Eng. Hidráulica,
1200,SECClasS,2021-06-25T00:00:00.000+00:00,1.19,1,Entidades,,3,32,85,45,,En_32_85_45,Levees,Terreno elevado,false,,Eng. Hidráulica,
1201,SECClasS,2021-06-25T00:00:00.000+00:00,1.19,1,Entidades,,3,32,85,59,,En_32_85_59,Outfalls,Represas,false,,Eng. Hidráulica,
1202,SECClasS,2021-06-25T00:00:00.000+00:00,1.19,1,Entidades,,3,32,85,72,,En_32_85_72,Revetments,Emissários,false,,Eng. Hidráulica,
1203,SECClasS,2021-06-25T00:00:00.000+00:00,1.19,1,Entidades,,3,32,85,75,,En_32_85_75,Sand traps,Revestimento de margens fluvíais e marítimas,false,,Eng. Hidráulica,
1204,SECClasS,2021-06-25T00:00:00.000+00:00,1.19,1,Entidades,,3,32,85,77,,En_32_85_77,Sea dikes,Bacia de desarenação,false,,Eng. Hidráulica,
1205,SECClasS,2021-06-25T00:00:00.000+00:00,1.19,1,Entidades,,3,32,85,80,,En_32_85_80,Sluices,Diques marinhos,false,,Eng. Hidráulica,
1206,SECClasS,2021-06-25T00:00:00.000+00:00,1.19,1,Entidades,,3,32,85,82,,En_32_85_82,Spillways,Comportas,false,,Eng. Hidráulica,
1207,SECClasS,2021-06-25T00:00:00.000+00:00,1.19,1,Entidades,,3,32,85,84,,En_32_85_84,Stilling basins,Vertedouros,false,,Eng. Hidráulica,
1208,SECClasS,2021-06-25T00:00:00.000+00:00,1.19,1,Entidades,,3,32,85,96,,En_32_85_96,Water retaining structures,Bacias de tranquilização,false,,Eng. Hidráulica,
1209,SECClasS,2021-06-25T00:00:00.000+00:00,1.19,1,Entidades,,3,32,85,97,,En_32_85_97,Weirs,Estruturas de retenção de água,false,,Eng. Hidráulica,
1210,SECClasS,2021-06-25T00:00:00.000+00:00,1.19,1,Entidades,,3,32,85,98,,En_32_85_98,Wells,Represas baixas,false,,Eng. Hidráulica,
1211,SECClasS,2021-06-25T00:00:00.000+00:00,1.19,1,Entidades,,2,32,95,,,En_32_95,Waterways,Poços,false,,Eng. Hidráulica,
1212,SECClasS,2021-06-25T00:00:00.000+00:00,1.19,1,Entidades,,3,32,95,14,,En_32_95_14,Channels,Hidrovia,false,,Eng. Hidráulica,
1213,SECClasS,2021-06-25T00:00:00.000+00:00,1.19,1,Entidades,,3,32,95,16,,En_32_95_16,Complex culverts,Canais de água,false,,Eng. Hidráulica,
1214,SECClasS,2021-06-25T00:00:00.000+00:00,1.19,1,Entidades,,3,32,95,23,,En_32_95_23,Ditches,Passagens de água inferiores,false,,Eng. Hidráulica,
1215,SECClasS,2021-06-25T00:00:00.000+00:00,1.19,1,Entidades,,3,32,95,59,,En_32_95_59,Open channels,Valas,false,,Eng. Hidráulica,
1216,SECClasS,2021-06-25T00:00:00.000+00:00,1.19,1,Entidades,,3,32,95,80,,En_32_95_80,Simple culverts,Canais abertos,false,,Eng. Hidráulica,
1217,SECClasS,2021-06-25T00:00:00.000+00:00,1.19,1,Entidades,,3,32,95,85,,En_32_95_85,Surface water channels,Bueiros ,false,,Eng. Hidráulica,
1218,SECClasS,2021-06-25T00:00:00.000+00:00,1.19,1,Entidades,,3,32,95,86,,En_32_95_86,Swales,Canal de águas superficiais,false,,Eng. Hidráulica,
1219,SECClasS,2021-06-25T00:00:00.000+00:00,1.19,1,Entidades,,1,35,,,,En_35,"Medical, health, welfare and sanitary entities",Bacias de infiltração,false,,Genérico,
1220,SECClasS,2021-06-25T00:00:00.000+00:00,1.19,1,Entidades,,2,35,10,,,En_35_10,Medical entities,"Entidades médicas, de saúde, de segurança social e sanitárias",false,,Genérico,
1221,SECClasS,2021-06-25T00:00:00.000+00:00,1.19,1,Entidades,,3,35,10,10,,En_35_10_10,Medical buildings,Entidades médicas,false,,Genérico,
1222,SECClasS,2021-06-25T00:00:00.000+00:00,1.19,1,Entidades,,2,35,50,,,En_35_50,Welfare entities,Edifícios médicos,false,,Genérico,
1223,SECClasS,2021-06-25T00:00:00.000+00:00,1.19,1,Entidades,,3,35,50,21,,En_35_50_21,Day welfare buildings,Entidades de assistência social ,false,,Genérico,
1224,SECClasS,2021-06-25T00:00:00.000+00:00,1.19,1,Entidades,,3,35,50,70,,En_35_50_70,Residential welfare buildings,Edifícios de assistência social diurna,false,,Genérico,
1225,SECClasS,2021-06-25T00:00:00.000+00:00,1.19,1,Entidades,,3,35,50,94,,En_35_50_94,Visitor welfare buildings,Edifícios residenciais da assistência social,false,,Genérico,
1226,SECClasS,2021-06-25T00:00:00.000+00:00,1.19,1,Entidades,,2,35,70,,,En_35_70,Funerary entities,Edifícios da assistência social para visitantes,false,,Genérico,
1227,SECClasS,2021-06-25T00:00:00.000+00:00,1.19,1,Entidades,,3,35,70,6,,En_35_70_06,Body storage buildings,Entidades funerárias,false,,Genérico,
1228,SECClasS,2021-06-25T00:00:00.000+00:00,1.19,1,Entidades,,3,35,70,10,,En_35_70_10,Burial buildings,Morgue,false,,Genérico,
1229,SECClasS,2021-06-25T00:00:00.000+00:00,1.19,1,Entidades,,3,35,70,11,,En_35_70_11,Burial grounds,Mausoléu,false,,Genérico,
1230,SECClasS,2021-06-25T00:00:00.000+00:00,1.19,1,Entidades,,3,35,70,30,,En_35_70_30,Funeral buildings,Cemitério,false,,Genérico,
1231,SECClasS,2021-06-25T00:00:00.000+00:00,1.19,1,Entidades,,3,35,70,60,,En_35_70_60,Medical chimney stacks,Edifícios funerários,false,,Genérico,
1232,SECClasS,2021-06-25T00:00:00.000+00:00,1.19,1,Entidades,,2,35,80,,,En_35_80,Sanitary entities,Chaminés médicas,false,,Genérico,
1233,SECClasS,2021-06-25T00:00:00.000+00:00,1.19,1,Entidades,,3,35,80,10,,En_35_80_10,Bathing buildings,Entidades sanitárias,false,,Genérico,
1234,SECClasS,2021-06-25T00:00:00.000+00:00,1.19,1,Entidades,,3,35,80,90,,En_35_80_90,Toilet buildings,Balneários,false,,Genérico,
1235,SECClasS,2021-06-25T00:00:00.000+00:00,1.19,1,Entidades,,2,35,85,,,En_35_85,Animal entities,Edifícios de Instalações Sanitárias,false,,Genérico,
1236,SECClasS,2021-06-25T00:00:00.000+00:00,1.19,1,Entidades,,3,35,85,2,,En_35_85_02,Animal cage buildings,Entidades para animais,false,,Genérico,
1237,SECClasS,2021-06-25T00:00:00.000+00:00,1.19,1,Entidades,,3,35,85,3,,En_35_85_03,Animal pen buildings,Recinto de jaulas de animais,false,,Genérico,
1238,SECClasS,2021-06-25T00:00:00.000+00:00,1.19,1,Entidades,,3,35,85,84,,En_35_85_84,Stable buildings,Recinto de currais de animais,false,,Genérico,
1239,SECClasS,2021-06-25T00:00:00.000+00:00,1.19,1,Entidades,,2,35,90,,,En_35_90,"Animal medical, health, welfare and funerary entities",Estábulos,false,,Genérico,
1240,SECClasS,2021-06-25T00:00:00.000+00:00,1.19,1,Entidades,,3,35,90,10,,En_35_90_10,Animal cemeteries,"Entidades médicas, sanitárias, de bem-estar e funerárias de animais",false,,Genérico,
1241,SECClasS,2021-06-25T00:00:00.000+00:00,1.19,1,Entidades,,3,35,90,30,,En_35_90_30,Animal funerary buildings,Cemitérios de animais,false,,Genérico,
1242,SECClasS,2021-06-25T00:00:00.000+00:00,1.19,1,Entidades,,3,35,90,50,,En_35_90_50,Animal medical buildings,Edifícios funerários de animais,false,,Genérico,
1243,SECClasS,2021-06-25T00:00:00.000+00:00,1.19,1,Entidades,,1,40,,,,En_40,Recreational entities,Clínicas Veterinárias ,false,,Genérico,
1244,SECClasS,2021-06-25T00:00:00.000+00:00,1.19,1,Entidades,,2,40,5,,,En_40_05,Amusement entities,Entidades recreativas,false,,Genérico,
1245,SECClasS,2021-06-25T00:00:00.000+00:00,1.19,1,Entidades,,3,40,5,3,,En_40_05_03,Amusement buildings,Entidades de diversão,false,,Genérico,
1246,SECClasS,2021-06-25T00:00:00.000+00:00,1.19,1,Entidades,,3,40,5,13,,En_40_05_13,Casinos,Edifícios de diversão,false,,Genérico,
1247,SECClasS,2021-06-25T00:00:00.000+00:00,1.19,1,Entidades,,3,40,5,27,,En_40_05_27,E-sport buildings,Casinos,false,,Genérico,
1248,SECClasS,2021-06-25T00:00:00.000+00:00,1.19,1,Entidades,,3,40,5,42,,En_40_05_42,Indoor fairgrounds,Edifícios de jogos virtuais ,false,,Genérico,
1249,SECClasS,2021-06-25T00:00:00.000+00:00,1.19,1,Entidades,,3,40,5,60,,En_40_05_60,Outdoor fairgrounds,Recintos de feira interiores,false,,Genérico,
1250,SECClasS,2021-06-25T00:00:00.000+00:00,1.19,1,Entidades,,3,40,5,68,,En_40_05_68,Public amenities,Recintos de feira exteriores,false,,Genérico,
1251,SECClasS,2021-06-25T00:00:00.000+00:00,1.19,1,Entidades,,2,40,20,,,En_40_20,Dining entities,Serviços públicos,false,,Genérico,
1252,SECClasS,2021-06-25T00:00:00.000+00:00,1.19,1,Entidades,,3,40,20,23,,En_40_20_23,Dining buildings,Entidades de restauração,false,,Genérico,
1253,SECClasS,2021-06-25T00:00:00.000+00:00,1.19,1,Entidades,,2,40,35,,,En_40_35,Historic entities,Edifícios de restauração,false,,Genérico,
1254,SECClasS,2021-06-25T00:00:00.000+00:00,1.19,1,Entidades,,3,40,35,10,,En_40_35_10,Buildings of historic interest,Entidades históricas,false,,Genérico,
1255,SECClasS,2021-06-25T00:00:00.000+00:00,1.19,1,Entidades,,3,40,35,36,,En_40_35_36,Historic buildings,Edifícios de interesse histórico,false,,Genérico,
1256,SECClasS,2021-06-25T00:00:00.000+00:00,1.19,1,Entidades,,2,40,60,,,En_40_60,Performing arts entities,Edifícios históricos,false,,Genérico,
1257,SECClasS,2021-06-25T00:00:00.000+00:00,1.19,1,Entidades,,3,40,60,10,,En_40_60_10,Multiple performing arts buildings,Entidades de artes performativas,false,,Genérico,
1258,SECClasS,2021-06-25T00:00:00.000+00:00,1.19,1,Entidades,,3,40,60,70,,En_40_60_70,Single performing arts buildings,Edifícios de artes performativas multiusos,false,,Genérico,
1259,SECClasS,2021-06-25T00:00:00.000+00:00,1.19,1,Entidades,,2,40,75,,,En_40_75,Social recreation entities,Edifícios de artes performativas de uso único,false,,Genérico,
1260,SECClasS,2021-06-25T00:00:00.000+00:00,1.19,1,Entidades,,3,40,75,10,,En_40_75_10,Multiple social recreation buildings,Entidades socio-recreativas,false,,Genérico,
1261,SECClasS,2021-06-25T00:00:00.000+00:00,1.19,1,Entidades,,3,40,75,15,,En_40_75_15,Club houses,Edifícios de várias atividades socio-recreativas,false,,Genérico,
1262,SECClasS,2021-06-25T00:00:00.000+00:00,1.19,1,Entidades,,3,40,75,70,,En_40_75_70,Single social recreation buildings,Edifícios de clubes,false,,Genérico,
1263,SECClasS,2021-06-25T00:00:00.000+00:00,1.19,1,Entidades,,3,40,75,94,,En_40_75_94,Visitor centres,Edifícios de uma atividade socio-recreativa,false,,Genérico,
1264,SECClasS,2021-06-25T00:00:00.000+00:00,1.19,1,Entidades,,1,42,,,,En_42,Sport and activity entities,Centros de visita,false,,Genérico,
1265,SECClasS,2021-06-25T00:00:00.000+00:00,1.19,1,Entidades,,2,42,15,,,En_42_15,"Courts, pitches and field sports entities",Entidades de desporto e atividades desportivas,false,,Genérico,
1266,SECClasS,2021-06-25T00:00:00.000+00:00,1.19,1,Entidades,,3,42,15,6,,En_42_15_06,Ball courts,Entidades de campos e quadras desportivos,false,,Genérico,
1267,SECClasS,2021-06-25T00:00:00.000+00:00,1.19,1,Entidades,,3,42,15,81,,En_42_15_81,Sports grounds,Quadras de desportos com bola,false,,Genérico,
1268,SECClasS,2021-06-25T00:00:00.000+00:00,1.19,1,Entidades,,3,42,15,82,,En_42_15_82,Sports pitches,Áreas desportivas ,false,,Genérico,
1269,SECClasS,2021-06-25T00:00:00.000+00:00,1.19,1,Entidades,,2,42,40,,,En_42_40,Indoor activity entities,Campos desportivos,false,,Genérico,
1270,SECClasS,2021-06-25T00:00:00.000+00:00,1.19,1,Entidades,,3,42,40,80,,En_42_40_80,Sports buildings,Entidades de atividades desportivas interiores,false,,Genérico,
1271,SECClasS,2021-06-25T00:00:00.000+00:00,1.19,1,Entidades,,2,42,55,,,En_42_55,Outdoor activity entities,Instalação desportiva,false,,Genérico,
1272,SECClasS,2021-06-25T00:00:00.000+00:00,1.19,1,Entidades,,3,42,55,1,,En_42_55_01,Activity grounds,Entidades de atividades desportivas interior,false,,Genérico,
1273,SECClasS,2021-06-25T00:00:00.000+00:00,1.19,1,Entidades,,3,42,55,34,,En_42_55_34,Golf driving ranges,Campos de atividade desportiva,false,,Genérico,
1274,SECClasS,2021-06-25T00:00:00.000+00:00,1.19,1,Entidades,,2,42,85,,,En_42_85,Swimming entities,Campos de golfe,false,,Genérico,
1275,SECClasS,2021-06-25T00:00:00.000+00:00,1.19,1,Entidades,,3,42,85,60,,En_42_85_60,Outdoor swimming pools,Entidades de natação,false,,Genérico,
1276,SECClasS,2021-06-25T00:00:00.000+00:00,1.19,1,Entidades,,3,42,85,83,,En_42_85_83,Swimming pool buildings,Piscinas ao ar livre,false,,Genérico,
1277,SECClasS,2021-06-25T00:00:00.000+00:00,1.19,1,Entidades,,2,42,90,,,En_42_90,Water activity entities,Complexos de piscinas,false,,Genérico,
1278,SECClasS,2021-06-25T00:00:00.000+00:00,1.19,1,Entidades,,2,42,95,,,En_42_95,Winter sports entities,Entidades de atividades desportivas aquáticas,false,,Genérico,
1279,SECClasS,2021-06-25T00:00:00.000+00:00,1.19,1,Entidades,,3,42,95,40,,En_42_95_40,Ice rink buildings,Entidades de desporto de inverno,false,,Genérico,
1280,SECClasS,2021-06-25T00:00:00.000+00:00,1.19,1,Entidades,,3,42,95,80,,En_42_95_80,Ski resort buildings,Pavilhões de patinação no gelo,false,,Genérico,
1281,SECClasS,2021-06-25T00:00:00.000+00:00,1.19,1,Entidades,,1,45,,,,En_45,Residential entities,Edifícios de estâncias de esqui,false,,Genérico,
1282,SECClasS,2021-06-25T00:00:00.000+00:00,1.19,1,Entidades,,2,45,10,,,En_45_10,Residential buildings,Entidades residenciais,false,,Genérico,
1283,SECClasS,2021-06-25T00:00:00.000+00:00,1.19,1,Entidades,,3,45,10,39,,En_45_10_39,Houses,Edifícios residenciais ,false,,Genérico,
1284,SECClasS,2021-06-25T00:00:00.000+00:00,1.19,1,Entidades,,3,45,10,47,,En_45_10_47,Long-term residential buildings,Habitações,false,,Genérico,
1285,SECClasS,2021-06-25T00:00:00.000+00:00,1.19,1,Entidades,,3,45,10,70,,En_45_10_70,Short-term residential buildings,Edifícios residenciais de longa duração,false,,Genérico,
1286,SECClasS,2021-06-25T00:00:00.000+00:00,1.19,1,Entidades,,3,45,10,90,,En_45_10_90,Temporary residential buildings,Edifícios residenciais de curta duração,false,,Genérico,
1287,SECClasS,2021-06-25T00:00:00.000+00:00,1.19,1,Entidades,,1,50,,,,En_50,Waste disposal entities,Edifícios residenciais temporários,false,,Genérico,
1288,SECClasS,2021-06-25T00:00:00.000+00:00,1.19,1,Entidades,,2,50,10,,,En_50_10,Gas waste collection entities,Entidades de eliminação de resíduos,false,,Genérico,
1289,SECClasS,2021-06-25T00:00:00.000+00:00,1.19,1,Entidades,,2,50,20,,,En_50_20,Non-aqueous waste collection entities,Entidades de eliminação de resíduos de gás,false,,Genérico,
1290,SECClasS,2021-06-25T00:00:00.000+00:00,1.19,1,Entidades,,3,50,20,10,,En_50_20_10,Non-aqueous waste collection tanks,Entidades de recolha de resíduos não-aquosos ,false,,Genérico,
1291,SECClasS,2021-06-25T00:00:00.000+00:00,1.19,1,Entidades,,2,50,30,,,En_50_30,Drainage collection entities,Tanques de recolha de resíduos não-aquosos ,false,,Genérico,
1292,SECClasS,2021-06-25T00:00:00.000+00:00,1.19,1,Entidades,,3,50,30,25,,En_50_30_25,Drainage collection pipelines,Entidades de recolha e drenagem ,false,,Genérico,
1293,SECClasS,2021-06-25T00:00:00.000+00:00,1.19,1,Entidades,,2,50,35,,,En_50_35,Wastewater collection entities,Dutos de recolha e drenagem,false,,Genérico,
1294,SECClasS,2021-06-25T00:00:00.000+00:00,1.19,1,Entidades,,3,50,35,15,,En_50_35_15,Combined wastewater collection pipelines,Entidades de recolha de águas residuais,false,,Genérico,
1295,SECClasS,2021-06-25T00:00:00.000+00:00,1.19,1,Entidades,,3,50,35,83,,En_50_35_83,Storm water pumping stations,Dutos unitários de recolha de águas residuais,false,,Genérico,
1296,SECClasS,2021-06-25T00:00:00.000+00:00,1.19,1,Entidades,,3,50,35,85,,En_50_35_85,Surface water collection pipelines,Estações de bombagem de águas pluviais,false,,Genérico,
1297,SECClasS,2021-06-25T00:00:00.000+00:00,1.19,1,Entidades,,3,50,35,87,,En_50_35_87,Surface water pumping stations,Dutos de recolha de água de superfície,false,,Genérico,
1298,SECClasS,2021-06-25T00:00:00.000+00:00,1.19,1,Entidades,,3,50,35,98,,En_50_35_98,Wastewater collection pipelines,Estações de bombagem de água de superfície,false,,Genérico,
1299,SECClasS,2021-06-25T00:00:00.000+00:00,1.19,1,Entidades,,3,50,35,99,,En_50_35_99,Wastewater rising mains,Dutos de recolha de águas residuais,false,,Genérico,
1300,SECClasS,2021-06-25T00:00:00.000+00:00,1.19,1,Entidades,,2,50,40,,,En_50_40,Dry waste collection and distribution,Condutas ascendentes de águas residuais,false,,Genérico,
1301,SECClasS,2021-06-25T00:00:00.000+00:00,1.19,1,Entidades,,3,50,40,10,,En_50_40_10,Dry waste collection structures,Recolha e distribuição de resíduos sólidos,false,,Genérico,
1302,SECClasS,2021-06-25T00:00:00.000+00:00,1.19,1,Entidades,,3,50,40,11,,En_50_40_11,Dry waste storage structures,Estruturas de recolha de resíduos sólidos,false,,Genérico,
1303,SECClasS,2021-06-25T00:00:00.000+00:00,1.19,1,Entidades,,3,50,40,12,,En_50_40_12,Dry waste storage yards,Estruturas de armazenagem de resíduos sólidos,false,,Genérico,
1304,SECClasS,2021-06-25T00:00:00.000+00:00,1.19,1,Entidades,,3,50,40,50,,En_50_40_50,Dry waste distribution structures,Pátios de armazenagem de resíduos sólidos,false,,Genérico,
1305,SECClasS,2021-06-25T00:00:00.000+00:00,1.19,1,Entidades,,2,50,50,,,En_50_50,"Gas waste storage, treatment and disposal",Estruturas de distribuição de resíduos sólidos,false,,Genérico,
1306,SECClasS,2021-06-25T00:00:00.000+00:00,1.19,1,Entidades,,2,50,60,,,En_50_60,"Non-aqueous waste storage, treatment and disposal",Armazéns de tratamento e eliminação de resíduos de gás,false,,Genérico,
1307,SECClasS,2021-06-25T00:00:00.000+00:00,1.19,1,Entidades,,2,50,70,,,En_50_70,"Drainage storage, treatment and disposal",Armazéns de tratamento e eliminação de resíduos não-aquosos ,false,,Genérico,
1308,SECClasS,2021-06-25T00:00:00.000+00:00,1.19,1,Entidades,,2,50,75,,,En_50_75,"Wastewater storage, treatment and disposal","Armazéns de drenagem, tratamento e eliminação de águas residuais",false,,Genérico,
1309,SECClasS,2021-06-25T00:00:00.000+00:00,1.19,1,Entidades,,3,50,75,20,,En_50_75_20,Dewatering hubs,Armazéns de tratamento e eliminação de águas residuais,false,,Genérico,
1310,SECClasS,2021-06-25T00:00:00.000+00:00,1.19,1,Entidades,,3,50,75,26,,En_50_75_26,Effluent tanks,Centros de secagem,false,,Genérico,
1311,SECClasS,2021-06-25T00:00:00.000+00:00,1.19,1,Entidades,,3,50,75,30,,En_50_75_30,Final effluent pumping stations,Tanques de efluentes,false,,Genérico,
1312,SECClasS,2021-06-25T00:00:00.000+00:00,1.19,1,Entidades,,3,50,75,42,,En_50_75_42,Inter-stage effluent pumping stations,Estações de bombagem de efluentes finais,false,,Genérico,
1313,SECClasS,2021-06-25T00:00:00.000+00:00,1.19,1,Entidades,,3,50,75,80,,En_50_75_80,Sludge treatment entities,Estações de bombagem de efluentes secundários e terciarios,false,,Genérico,
1314,SECClasS,2021-06-25T00:00:00.000+00:00,1.19,1,Entidades,,3,50,75,93,,En_50_75_93,Wastewater pumping stations,Entidades de tratamento de lodo,false,,Genérico,
1315,SECClasS,2021-06-25T00:00:00.000+00:00,1.19,1,Entidades,,3,50,75,95,,En_50_75_95,Wastewater treatment entities,Estações de bombagem de águas residuais,false,,Genérico,
1316,SECClasS,2021-06-25T00:00:00.000+00:00,1.19,1,Entidades,,3,50,75,96,,En_50_75_96,Wastewater storage structures,Entidades de tratamento de águas residuais,false,,Genérico,
1317,SECClasS,2021-06-25T00:00:00.000+00:00,1.19,1,Entidades,,2,50,80,,,En_50_80,Dry waste treatment and disposal,Estruturas de armazenagem de águas residuais,false,,Genérico,
1318,SECClasS,2021-06-25T00:00:00.000+00:00,1.19,1,Entidades,,3,50,80,40,,En_50_80_40,Dry waste treatment structures,Tratamento e eliminação de resíduos sólidos,false,,Genérico,
1319,SECClasS,2021-06-25T00:00:00.000+00:00,1.19,1,Entidades,,3,50,80,70,,En_50_80_70,Dry waste disposal structures,Estruturas de tratamento de resíduos sólidos,false,,Genérico,
1320,SECClasS,2021-06-25T00:00:00.000+00:00,1.19,1,Entidades,,1,55,,,,En_55,Piped supply entities,Estruturas de eliminação de resíduos sólidos,false,,Genérico,
1321,SECClasS,2021-06-25T00:00:00.000+00:00,1.19,1,Entidades,,2,55,5,,,En_55_05,"Gas extraction, treatment and storage",Entidades de abastecimento canalizado,false,,Genérico,
1322,SECClasS,2021-06-25T00:00:00.000+00:00,1.19,1,Entidades,,3,55,5,30,,En_55_05_30,Gas extraction structures,"Extração, tratamento e armazenagem de gás",false,,Genérico,
1323,SECClasS,2021-06-25T00:00:00.000+00:00,1.19,1,Entidades,,3,55,5,35,,En_55_05_35,Gas extraction vessels,Estruturas de extração de gás,false,,Genérico,
1324,SECClasS,2021-06-25T00:00:00.000+00:00,1.19,1,Entidades,,3,55,5,38,,En_55_05_38,Gas extraction pipelines,Depósito de extração de gás,false,,Genérico,
1325,SECClasS,2021-06-25T00:00:00.000+00:00,1.19,1,Entidades,,3,55,5,40,,En_55_05_40,Gas storage tanks,Gasodutos de extração,false,,Genérico,
1326,SECClasS,2021-06-25T00:00:00.000+00:00,1.19,1,Entidades,,3,55,5,70,,En_55_05_70,Gas treatment buildings,Tanques de armazenagem de gás,false,,Genérico,
1327,SECClasS,2021-06-25T00:00:00.000+00:00,1.19,1,Entidades,,3,55,5,75,,En_55_05_75,Gas treatment plant,Edifícios de tratamento de gás,false,,Genérico,
1328,SECClasS,2021-06-25T00:00:00.000+00:00,1.19,1,Entidades,,3,55,5,78,,En_55_05_78,Gas treatment pipelines,Estação de tratamento de gás,false,,Genérico,
1329,SECClasS,2021-06-25T00:00:00.000+00:00,1.19,1,Entidades,,2,55,10,,,En_55_10,Liquid fuel extraction and treatment entities,Gasodutos de tratamento de gás,false,,Genérico,
1330,SECClasS,2021-06-25T00:00:00.000+00:00,1.19,1,Entidades,,3,55,10,10,,En_55_10_10,Oil extraction structures,Entidades de extração e tratamento de combustível líquido,false,,Genérico,
1331,SECClasS,2021-06-25T00:00:00.000+00:00,1.19,1,Entidades,,3,55,10,45,,En_55_10_45,Oil storage tanks,Estruturas de extração de petróleo,false,,Genérico,
1332,SECClasS,2021-06-25T00:00:00.000+00:00,1.19,1,Entidades,,3,55,10,50,,En_55_10_50,Fuel treatment buildings,Tanques de armazenagem de óleo,false,,Genérico,
1333,SECClasS,2021-06-25T00:00:00.000+00:00,1.19,1,Entidades,,3,55,10,55,,En_55_10_55,Fuel treatment tanks,Edifícios de tratamento de combustível,false,,Genérico,
1334,SECClasS,2021-06-25T00:00:00.000+00:00,1.19,1,Entidades,,3,55,10,58,,En_55_10_58,Fuel treatment pipelines,Tanques de tratamento de combustível,false,,Genérico,
1335,SECClasS,2021-06-25T00:00:00.000+00:00,1.19,1,Entidades,,2,55,15,,,En_55_15,Water extraction and treatment entities,Dutos de tratamento de combustível,false,,Genérico,
1336,SECClasS,2021-06-25T00:00:00.000+00:00,1.19,1,Entidades,,3,55,15,50,,En_55_15_50,Water treatment buildings,Entidades de extração e tratamento de água,false,,Genérico,
1337,SECClasS,2021-06-25T00:00:00.000+00:00,1.19,1,Entidades,,3,55,15,55,,En_55_15_55,Water treatment tanks,Edifícios de tratamento de água,false,,Genérico,
1338,SECClasS,2021-06-25T00:00:00.000+00:00,1.19,1,Entidades,,3,55,15,72,,En_55_15_72,Raw water pipelines,Tanques de tratamento de água,false,,Genérico,
1339,SECClasS,2021-06-25T00:00:00.000+00:00,1.19,1,Entidades,,3,55,15,75,,En_55_15_75,Raw water pumping stations,Canalizações de água bruta,false,,Genérico,
1340,SECClasS,2021-06-25T00:00:00.000+00:00,1.19,1,Entidades,,2,55,20,,,En_55_20,Gas supply entities,Estações de bombagem de água bruta,false,,Genérico,
1341,SECClasS,2021-06-25T00:00:00.000+00:00,1.19,1,Entidades,,3,55,20,50,,En_55_20_50,Gas distribution structures,Entidades fornecedoras de gás,false,,Genérico,
1342,SECClasS,2021-06-25T00:00:00.000+00:00,1.19,1,Entidades,,3,55,20,60,,En_55_20_60,Gas distribution pipelines,Estruturas de distribuição de gás,false,,Genérico,
1343,SECClasS,2021-06-25T00:00:00.000+00:00,1.19,1,Entidades,,2,55,30,,,En_55_30,Fire extinguishing supply entities,Gasodutos de distribuição de gás,false,,Genérico,
1344,SECClasS,2021-06-25T00:00:00.000+00:00,1.19,1,Entidades,,2,55,40,,,En_55_40,Steam supply entities,Entidades de fornecimento de extintores de incêndio,false,,Genérico,
1345,SECClasS,2021-06-25T00:00:00.000+00:00,1.19,1,Entidades,,2,55,50,,,En_55_50,Liquid fuel supply entities,Entidades de abastecimento de vapor,false,,Genérico,
1346,SECClasS,2021-06-25T00:00:00.000+00:00,1.19,1,Entidades,,3,55,50,20,,En_55_50_20,Fuel distribution pipelines,Entidades de abastecimento de combustível líquido,false,,Genérico,
1347,SECClasS,2021-06-25T00:00:00.000+00:00,1.19,1,Entidades,,3,55,50,45,,En_55_50_45,Liquid fuel distribution buildings,Dutos de distribuição de combustível,false,,Genérico,
1348,SECClasS,2021-06-25T00:00:00.000+00:00,1.19,1,Entidades,,2,55,60,,,En_55_60,Process liquid supply entities,Edifícios de distribuição de combustível líquido,false,,Genérico,
1349,SECClasS,2021-06-25T00:00:00.000+00:00,1.19,1,Entidades,,2,55,70,,,En_55_70,Water supply entities,Entidades de abastecimento de combustível líquido,false,,Genérico,
1350,SECClasS,2021-06-25T00:00:00.000+00:00,1.19,1,Entidades,,3,55,70,85,,En_55_70_85,Treated water distribution pipelines,Entidades de abastecimento de água,false,,Genérico,
1351,SECClasS,2021-06-25T00:00:00.000+00:00,1.19,1,Entidades,,3,55,70,87,,En_55_70_87,Treated water pumping stations,Dutos de distribuição de água tratada,false,,Genérico,
1352,SECClasS,2021-06-25T00:00:00.000+00:00,1.19,1,Entidades,,3,55,70,89,,En_55_70_89,Treated water reservoirs,Estações de bombeagem de água tratada,false,,Genérico,
1353,SECClasS,2021-06-25T00:00:00.000+00:00,1.19,1,Entidades,,3,55,70,91,,En_55_70_91,Treated water towers,Reservatórios de água tratada,false,,Genérico,
1354,SECClasS,2021-06-25T00:00:00.000+00:00,1.19,1,Entidades,,2,55,90,,,En_55_90,Piped solids supply entities,Torres de água tratada,false,,Genérico,
1355,SECClasS,2021-06-25T00:00:00.000+00:00,1.19,1,Entidades,,1,60,,,,En_60,"Heating, cooling and refrigeration entities",Entidades de fornecimento canalizados de sólidos,false,,Genérico,
1356,SECClasS,2021-06-25T00:00:00.000+00:00,1.19,1,Entidades,,2,60,30,,,En_60_30,Rail and paving heating entities,"Entidades de aquecimento, arrefecimento o e refrigeração",false,,Genérico,
1357,SECClasS,2021-06-25T00:00:00.000+00:00,1.19,1,Entidades,,2,60,40,,,En_60_40,Space heating and cooling entities,Entidades de aquecimento ferroviário e de pavimento ,false,,Genérico,
1358,SECClasS,2021-06-25T00:00:00.000+00:00,1.19,1,Entidades,,3,60,40,10,,En_60_40_10,District heating buildings,Entidades de aquecimento e arrefecimento de espaços,false,,Genérico,
1359,SECClasS,2021-06-25T00:00:00.000+00:00,1.19,1,Entidades,,3,60,40,20,,En_60_40_20,District heating pipelines,Infraestrutura de aquecimento urbano,false,,Genérico,
1360,SECClasS,2021-06-25T00:00:00.000+00:00,1.19,1,Entidades,,3,60,40,50,,En_60_40_50,District cooling buildings,Dutos de aquecimento urbano,false,,Genérico,
1361,SECClasS,2021-06-25T00:00:00.000+00:00,1.19,1,Entidades,,3,60,40,60,,En_60_40_60,District cooling pipelines,Infraestrutura de arrefecimento urbano,false,,Genérico,
1362,SECClasS,2021-06-25T00:00:00.000+00:00,1.19,1,Entidades,,2,60,60,,,En_60_60,Refrigeration entities,Dutos de arrefecimento urbano,false,,Genérico,
1363,SECClasS,2021-06-25T00:00:00.000+00:00,1.19,1,Entidades,,2,60,80,,,En_60_80,Drying entities,Entidades de refrigeração,false,,Genérico,
1364,SECClasS,2021-06-25T00:00:00.000+00:00,1.19,1,Entidades,,1,65,,,,En_65,Ventilation and air conditioning entities,Entidades de secagem,false,,Genérico,
1365,SECClasS,2021-06-25T00:00:00.000+00:00,1.19,1,Entidades,,2,65,40,,,En_65_40,Ventilation entities,Entidades de ventilação e ar condicionado,false,,Genérico,
1366,SECClasS,2021-06-25T00:00:00.000+00:00,1.19,1,Entidades,,3,65,40,80,,En_65_40_80,Shaft and tunnel ventilation plant building,Entidades de ventilação,false,,Genérico,
1367,SECClasS,2021-06-25T00:00:00.000+00:00,1.19,1,Entidades,,2,65,80,,,En_65_80,Air conditioning entities,Instalações de contutas e túneis de ventilação,false,,Genérico,
1368,SECClasS,2021-06-25T00:00:00.000+00:00,1.19,1,Entidades,,1,70,,,,En_70,Electrical power generation and distribution entities,Entidades de ar condicionado,false,,Genérico,
1369,SECClasS,2021-06-25T00:00:00.000+00:00,1.19,1,Entidades,,2,70,10,,,En_70_10,Electrical power generation entities,Entidades de produção e distribuição de energia elétrica,false,,Genérico,
1370,SECClasS,2021-06-25T00:00:00.000+00:00,1.19,1,Entidades,,3,70,10,10,,En_70_10_10,Electrical power generation buildings,Entidades de produção de energia elétrica,false,,Genérico,
1371,SECClasS,2021-06-25T00:00:00.000+00:00,1.19,1,Entidades,,3,70,10,80,,En_70_10_80,Solar panel fields,Edifícios de produção de energia elétrica,false,,Genérico,
1372,SECClasS,2021-06-25T00:00:00.000+00:00,1.19,1,Entidades,,3,70,10,90,,En_70_10_90,Wind turbines,Estação de energia fotovoltaica ,false,,Genérico,
1373,SECClasS,2021-06-25T00:00:00.000+00:00,1.19,1,Entidades,,2,70,30,,,En_70_30,Electricity distribution and transmission entities,Turbinas eólicas,false,,Genérico,
1374,SECClasS,2021-06-25T00:00:00.000+00:00,1.19,1,Entidades,,3,70,30,18,,En_70_30_18,Electricity transmission pylons and lines,Entidades de distribuição e transmissão de energia eléctrica,false,,Genérico,
1375,SECClasS,2021-06-25T00:00:00.000+00:00,1.19,1,Entidades,,3,70,30,35,,En_70_30_35,High-voltage electricity substations,Postes e linhas de transmissão de eletricidade,false,,Genérico,
1376,SECClasS,2021-06-25T00:00:00.000+00:00,1.19,1,Entidades,,3,70,30,45,,En_70_30_45,Low-voltage electricity substations,Subestações de eletricidade de alta tensão,false,,Genérico,
1377,SECClasS,2021-06-25T00:00:00.000+00:00,1.19,1,Entidades,,3,70,30,60,,En_70_30_60,Overhead power distribution lines,Subestações de eletricidade de baixa tensão,false,,Genérico,
1378,SECClasS,2021-06-25T00:00:00.000+00:00,1.19,1,Entidades,,3,70,30,90,,En_70_30_90,Underground electricity transmission lines,Linhas de distribuição de energia aéreas,false,,Genérico,
1379,SECClasS,2021-06-25T00:00:00.000+00:00,1.19,1,Entidades,,1,75,,,,En_75,"Communications, security, safety and protection entities",Linhas de transmissão de eletricidade subterrâneas,false,,Genérico,
1380,SECClasS,2021-06-25T00:00:00.000+00:00,1.19,1,Entidades,,2,75,10,,,En_75_10,Communication entities,"Entidades de comunicação, segurança e proteção",false,,Genérico,
1381,SECClasS,2021-06-25T00:00:00.000+00:00,1.19,1,Entidades,,3,75,10,10,,En_75_10_10,Broadcast communications buildings,Entidades de comunicação,false,,Genérico,
1382,SECClasS,2021-06-25T00:00:00.000+00:00,1.19,1,Entidades,,3,75,10,16,,En_75_10_16,Broadcast communications masts and towers,Edifícios de comunicação de transmissão,false,,Genérico,
1383,SECClasS,2021-06-25T00:00:00.000+00:00,1.19,1,Entidades,,3,75,10,20,,En_75_10_20,Data centres,Antenas e torres de comunicação,false,,Genérico,
1384,SECClasS,2021-06-25T00:00:00.000+00:00,1.19,1,Entidades,,2,75,30,,,En_75_30,Signalling entities,Centro de processamento de dados,false,,Genérico,
1385,SECClasS,2021-06-25T00:00:00.000+00:00,1.19,1,Entidades,,3,75,30,10,,En_75_30_10,Peer-to-peer communications buildings,Entidades de sinalização,false,,Genérico,
1386,SECClasS,2021-06-25T00:00:00.000+00:00,1.19,1,Entidades,,3,75,30,18,,En_75_30_18,Peer-to-peer communications networks,Edifícios de comunicação ponto a ponto,false,,Genérico,
1387,SECClasS,2021-06-25T00:00:00.000+00:00,1.19,1,Entidades,,3,75,30,78,,En_75_30_78,Signalling control centres,Redes de comunicação ponto a ponto,false,,Genérico,
1388,SECClasS,2021-06-25T00:00:00.000+00:00,1.19,1,Entidades,,2,75,40,,,En_75_40,Security systems entities,Centros de controlo de sinalização,false,,Genérico,
1389,SECClasS,2021-06-25T00:00:00.000+00:00,1.19,1,Entidades,,2,75,50,,,En_75_50,Safety and protection entities,Entidades de sistemas de segurança,false,,Genérico,
1390,SECClasS,2021-06-25T00:00:00.000+00:00,1.19,1,Entidades,,2,75,60,,,En_75_60,Environmental safety entities,Entidades de segurança e proteção,false,,Genérico,
1391,SECClasS,2021-06-25T00:00:00.000+00:00,1.19,1,Entidades,,2,75,70,,,En_75_70,Control and management entities,Entidades de segurança ambiental,false,,Genérico,
1392,SECClasS,2021-06-25T00:00:00.000+00:00,1.19,1,Entidades,,3,75,70,60,,En_75_70_60,Operational control centres,Entidades de controlo e gestão,false,,Genérico,
1393,SECClasS,2021-06-25T00:00:00.000+00:00,1.19,1,Entidades,,2,75,80,,,En_75_80,Protection entities,Centros de controlo operacional,false,,Genérico,
1394,SECClasS,2021-06-25T00:00:00.000+00:00,1.19,1,Entidades,,1,80,,,,En_80,Transport entities,Entidades de proteção,false,,Genérico,
1395,SECClasS,2021-06-25T00:00:00.000+00:00,1.19,1,Entidades,,2,80,5,,,En_80_05,Aerospace entities,Entidades de transporte,false,,Genérico,
1396,SECClasS,2021-06-25T00:00:00.000+00:00,1.19,1,Entidades,,3,80,5,1,,En_80_05_01,Air traffic control towers,Entidades aeroespaciais,false,,Genérico,
1397,SECClasS,2021-06-25T00:00:00.000+00:00,1.19,1,Entidades,,3,80,5,2,,En_80_05_02,Aircraft hangars,Torres de controlo de tráfego aéreo,false,,Genérico,
1398,SECClasS,2021-06-25T00:00:00.000+00:00,1.19,1,Entidades,,3,80,5,60,,En_80_05_60,Passenger terminal buildings,Hangares de aeronaves,false,,Genérico,
1399,SECClasS,2021-06-25T00:00:00.000+00:00,1.19,1,Entidades,,2,80,20,,,En_80_20,Cable transport entities,Edifícios do terminal de passageiros,false,,Genérico,
1400,SECClasS,2021-06-25T00:00:00.000+00:00,1.19,1,Entidades,,3,80,20,11,,En_80_20_11,Cable car entities,Entidades de transportes teleféricos ,false,,Genérico,
1401,SECClasS,2021-06-25T00:00:00.000+00:00,1.19,1,Entidades,,3,80,20,12,,En_80_20_12,Cable car stations,Entidades de transportes teleféricos ,false,,Genérico,
1402,SECClasS,2021-06-25T00:00:00.000+00:00,1.19,1,Entidades,,3,80,20,86,,En_80_20_86,Suspended cableways,Estações de carruagens teleférico,false,,Genérico,
1403,SECClasS,2021-06-25T00:00:00.000+00:00,1.19,1,Entidades,,2,80,35,,,En_80_35,Road entities,Teleféricos suspensos,false,,Genérico,
1404,SECClasS,2021-06-25T00:00:00.000+00:00,1.19,1,Entidades,,3,80,35,1,,En_80_35_01,Access roads,Entidades rodoviárias,false,,Genérico,
1405,SECClasS,2021-06-25T00:00:00.000+00:00,1.19,1,Entidades,,3,80,35,5,,En_80_35_05,Bus lanes,Estradas de acesso,false,,Genérico,
1406,SECClasS,2021-06-25T00:00:00.000+00:00,1.19,1,Entidades,,3,80,35,7,,En_80_35_07,Bus maintenance depots,Faixa de circulação de autocarro,false,,Genérico,
1407,SECClasS,2021-06-25T00:00:00.000+00:00,1.19,1,Entidades,,3,80,35,9,,En_80_35_09,Bus and coach stations,Depósitos de manutenção de autocarros,false,,Genérico,
1408,SECClasS,2021-06-25T00:00:00.000+00:00,1.19,1,Entidades,,3,80,35,34,,En_80_35_34,Guided bus lanes,Estações de autocarros,false,,Genérico,
1409,SECClasS,2021-06-25T00:00:00.000+00:00,1.19,1,Entidades,,3,80,35,35,,En_80_35_35,Highway maintenance depots,Elétricos ,false,,Genérico,
1410,SECClasS,2021-06-25T00:00:00.000+00:00,1.19,1,Entidades,,3,80,35,38,,En_80_35_38,Highway service stations,Depósitos de manutenção de rodovias ,false,,Genérico,
1411,SECClasS,2021-06-25T00:00:00.000+00:00,1.19,1,Entidades,,3,80,35,56,,En_80_35_56,Motorways,Estações de serviço rodoviário,false,,Genérico,
1412,SECClasS,2021-06-25T00:00:00.000+00:00,1.19,1,Entidades,,3,80,35,67,,En_80_35_67,Private roads,Autoestradas,false,,Genérico,
1413,SECClasS,2021-06-25T00:00:00.000+00:00,1.19,1,Entidades,,3,80,35,74,,En_80_35_74,Roads,Estradas privadas,false,,Genérico,
1414,SECClasS,2021-06-25T00:00:00.000+00:00,1.19,1,Entidades,,3,80,35,77,,En_80_35_77,Service area buildings,Estradas,false,,Genérico,
1415,SECClasS,2021-06-25T00:00:00.000+00:00,1.19,1,Entidades,,3,80,35,88,,En_80_35_88,Tollgates,Edifícios de área de serviço,false,,Genérico,
1416,SECClasS,2021-06-25T00:00:00.000+00:00,1.19,1,Entidades,,3,80,35,89,,En_80_35_89,Tracks,Portagens,false,,Genérico,
1417,SECClasS,2021-06-25T00:00:00.000+00:00,1.19,1,Entidades,,3,80,35,90,,En_80_35_90,Truck maintenance depots,Pistas,false,,Genérico,
1418,SECClasS,2021-06-25T00:00:00.000+00:00,1.19,1,Entidades,,2,80,40,,,En_80_40,Pathways,Depósitos de manutenção de camiões,false,,Genérico,
1419,SECClasS,2021-06-25T00:00:00.000+00:00,1.19,1,Entidades,,3,80,40,8,,En_80_40_08,Bridleways,Caminhos,false,,Genérico,
1420,SECClasS,2021-06-25T00:00:00.000+00:00,1.19,1,Entidades,,3,80,40,10,,En_80_40_10,Byways,Trilhos equestres,false,,Genérico,
1421,SECClasS,2021-06-25T00:00:00.000+00:00,1.19,1,Entidades,,3,80,40,20,,En_80_40_20,Cycle pathways,Caminhos,false,,Genérico,
1422,SECClasS,2021-06-25T00:00:00.000+00:00,1.19,1,Entidades,,3,80,40,30,,En_80_40_30,Footpaths,Ciclovias,false,,Genérico,
1423,SECClasS,2021-06-25T00:00:00.000+00:00,1.19,1,Entidades,,3,80,40,37,,En_80_40_37,Hiking paths,Caminhos pedestres,false,,Genérico,
1424,SECClasS,2021-06-25T00:00:00.000+00:00,1.19,1,Entidades,,3,80,40,66,,En_80_40_66,Promenades,Trilhos pedestres,false,,Genérico,
1425,SECClasS,2021-06-25T00:00:00.000+00:00,1.19,1,Entidades,,3,80,40,70,,En_80_40_70,Rambler ways,Passeios,false,,Genérico,
1426,SECClasS,2021-06-25T00:00:00.000+00:00,1.19,1,Entidades,,3,80,40,90,,En_80_40_90,Trails,Caminhos rurais,false,,Genérico,
1427,SECClasS,2021-06-25T00:00:00.000+00:00,1.19,1,Entidades,,2,80,45,,,En_80_45,Vehicle storage entities,Trilhos ,false,,Genérico,
1428,SECClasS,2021-06-25T00:00:00.000+00:00,1.19,1,Entidades,,3,80,45,8,,En_80_45_08,Bus parks,Entidades de armazenagem de veículos,false,,Genérico,
1429,SECClasS,2021-06-25T00:00:00.000+00:00,1.19,1,Entidades,,3,80,45,11,,En_80_45_11,Car garaging entities,Parques de autocarros,false,,Genérico,
1430,SECClasS,2021-06-25T00:00:00.000+00:00,1.19,1,Entidades,,3,80,45,17,,En_80_45_17,Coach parks,Entidades de garagens de automóveis,false,,Genérico,
1431,SECClasS,2021-06-25T00:00:00.000+00:00,1.19,1,Entidades,,3,80,45,55,,En_80_45_55,Multistorey vehicle parks,Parques de autocarros (de longo curso),false,,Genérico,
1432,SECClasS,2021-06-25T00:00:00.000+00:00,1.19,1,Entidades,,3,80,45,85,,En_80_45_85,Surface vehicle parks,Parques de estacionamento multi-piso ,false,,Genérico,
1433,SECClasS,2021-06-25T00:00:00.000+00:00,1.19,1,Entidades,,3,80,45,89,,En_80_45_89,Truck parks,Parques de estacionamento de superfície,false,,Genérico,
1434,SECClasS,2021-06-25T00:00:00.000+00:00,1.19,1,Entidades,,3,80,45,92,,En_80_45_92,Underground vehicle parks,Parques de camiões,false,,Genérico,
1435,SECClasS,2021-06-25T00:00:00.000+00:00,1.19,1,Entidades,,2,80,50,,,En_80_50,Railway entities,Parques subterrâneos de veículos ,false,,Genérico,
1436,SECClasS,2021-06-25T00:00:00.000+00:00,1.19,1,Entidades,,3,80,50,53,,En_80_50_53,Monorail entities,Entidades ferroviárias,false,,Genérico,
1437,SECClasS,2021-06-25T00:00:00.000+00:00,1.19,1,Entidades,,3,80,50,58,,En_80_50_58,Platforms,Entidades de monocarril,false,,Genérico,
1438,SECClasS,2021-06-25T00:00:00.000+00:00,1.19,1,Entidades,,3,80,50,60,,En_80_50_60,Rack rail maintenance buildings,Plataformas,false,,Genérico,
1439,SECClasS,2021-06-25T00:00:00.000+00:00,1.19,1,Entidades,,3,80,50,62,,En_80_50_62,Rack railways track entities,Edifícios de manutenção de ferrovias de cremalheira,false,,Genérico,
1440,SECClasS,2021-06-25T00:00:00.000+00:00,1.19,1,Entidades,,3,80,50,64,,En_80_50_64,Rail distribution depots,Entidades ferroviárias de cremalheira,false,,Genérico,
1441,SECClasS,2021-06-25T00:00:00.000+00:00,1.19,1,Entidades,,3,80,50,68,,En_80_50_68,Rail marshalling entities,Depósito de distribuição ferroviária ,false,,Genérico,
1442,SECClasS,2021-06-25T00:00:00.000+00:00,1.19,1,Entidades,,3,80,50,71,,En_80_50_71,Railway corridors,Entidades de organização ferroviária,false,,Genérico,
1443,SECClasS,2021-06-25T00:00:00.000+00:00,1.19,1,Entidades,,3,80,50,74,,En_80_50_74,Railway stations,Corredores ferroviários,false,,Genérico,
1444,SECClasS,2021-06-25T00:00:00.000+00:00,1.19,1,Entidades,,3,80,50,76,,En_80_50_76,Railway sidings,Estações ferroviárias,false,,Genérico,
1445,SECClasS,2021-06-25T00:00:00.000+00:00,1.19,1,Entidades,,3,80,50,78,,En_80_50_78,Rolling stock depots,Ramais ferroviários,false,,Genérico,
1446,SECClasS,2021-06-25T00:00:00.000+00:00,1.19,1,Entidades,,3,80,50,83,,En_80_50_83,Station buildings,Armazém de material circulante ferroviário ,false,,Genérico,
1447,SECClasS,2021-06-25T00:00:00.000+00:00,1.19,1,Entidades,,3,80,50,86,,En_80_50_86,Track maintenance depots,Edifícios de estações ferroviárias,false,,Genérico,
1448,SECClasS,2021-06-25T00:00:00.000+00:00,1.19,1,Entidades,,3,80,50,87,,En_80_50_87,Trackside circuit breaker equipment buildings,Armazéns de rastreamento e manutenção ,false,,Genérico,
1449,SECClasS,2021-06-25T00:00:00.000+00:00,1.19,1,Entidades,,3,80,50,88,,En_80_50_88,Train maintenance depots,Corta circuitos de via,false,,Genérico,
1450,SECClasS,2021-06-25T00:00:00.000+00:00,1.19,1,Entidades,,3,80,50,90,,En_80_50_90,Tramways,Depósitos de manutenção de composições ,false,,Genérico,
1451,SECClasS,2021-06-25T00:00:00.000+00:00,1.19,1,Entidades,,3,80,50,94,,En_80_50_94,Underground railway stations,Elétricos ,false,,Genérico,
1452,SECClasS,2021-06-25T00:00:00.000+00:00,1.19,1,Entidades,,3,80,50,95,,En_80_50_95,Wagon decontamination buildings,Estações ferroviárias subterrâneas,false,,Genérico,
1453,SECClasS,2021-06-25T00:00:00.000+00:00,1.19,1,Entidades,,3,80,50,97,,En_80_50_97,Wagon maintenance buildings,Edifícios de descontaminação de camiões,false,,Genérico,
1454,SECClasS,2021-06-25T00:00:00.000+00:00,1.19,1,Entidades,,2,80,70,,,En_80_70,Marine and waterways transport entities,Edifícios de manutenção de camiões,false,,Genérico,
1455,SECClasS,2021-06-25T00:00:00.000+00:00,1.19,1,Entidades,,3,80,70,6,,En_80_70_06,Barge loading terminals,Entidades de transporte marítimo e hidroviário,false,,Genérico,
1456,SECClasS,2021-06-25T00:00:00.000+00:00,1.19,1,Entidades,,3,80,70,11,,En_80_70_11,Canal channels,Terminais de carregamento de cargueiros,false,,Genérico,
1457,SECClasS,2021-06-25T00:00:00.000+00:00,1.19,1,Entidades,,3,80,70,15,,En_80_70_15,Canal locks,Canais de vias navegáveis,false,,Genérico,
1458,SECClasS,2021-06-25T00:00:00.000+00:00,1.19,1,Entidades,,3,80,70,46,,En_80_70_46,Lake passenger terminals,Eclusas,false,,Genérico,
1459,SECClasS,2021-06-25T00:00:00.000+00:00,1.19,1,Entidades,,3,80,70,50,,En_80_70_50,Marinas,Terminais de passageiros no lago ,false,,Genérico,
1460,SECClasS,2021-06-25T00:00:00.000+00:00,1.19,1,Entidades,,3,80,70,71,,En_80_70_71,River passenger terminals,Marinas,false,,Genérico,
1461,SECClasS,2021-06-25T00:00:00.000+00:00,1.19,1,Entidades,,2,80,90,,,En_80_90,Transport hub entities,Terminais fluviais de passageiros ,false,,Genérico,
1462,SECClasS,2021-06-25T00:00:00.000+00:00,1.19,1,Entidades,,3,80,90,30,,En_80_90_30,Freight depots,Entidades de transporte,false,,Genérico,
1463,SECClasS,2021-06-25T00:00:00.000+00:00,1.19,1,Entidades,,3,80,90,66,,En_80_90_66,Rail freight entities,Armazéns de carga,false,,Genérico,
1464,SECClasS,2021-06-25T00:00:00.000+00:00,1.19,1,Entidades,,3,80,90,73,,En_80_90_73,Road freight depots,Entidades de transporte ferroviário de carga,false,,Genérico,
1465,SECClasS,2021-06-25T00:00:00.000+00:00,1.19,1,Entidades,,3,80,90,90,,En_80_90_90,Transport interchanges,Depósitos de transporte ferroviário de carga,false,,Genérico,
1466,SECClasS,2021-06-25T00:00:00.000+00:00,1.19,1,Entidades,,2,80,94,,,En_80_94,Bridges,Intercâmbios de transporte ,false,,Genérico,
1467,SECClasS,2021-06-25T00:00:00.000+00:00,1.19,1,Entidades,,3,80,94,30,,En_80_94_30,Fixed bridges,Pontes,false,,Genérico,
1468,SECClasS,2021-06-25T00:00:00.000+00:00,1.19,1,Entidades,,3,80,94,50,,En_80_94_50,Moveable bridges,Pontes fixas,false,,Genérico,
1469,SECClasS,2021-06-25T00:00:00.000+00:00,1.19,1,Entidades,,2,80,96,,,En_80_96,Tunnels and shafts,Pontes móveis,false,,Genérico,
1470,SECClasS,2021-06-25T00:00:00.000+00:00,1.19,1,Entidades,,3,80,96,20,,En_80_96_20,Drift tunnels,Túneis e poços,false,,Genérico,
1471,SECClasS,2021-06-25T00:00:00.000+00:00,1.19,1,Entidades,,3,80,96,46,,En_80_96_46,Lined drift tunnels,Túneis de escavação ,false,,Genérico,
1472,SECClasS,2021-06-25T00:00:00.000+00:00,1.19,1,Entidades,,3,80,96,49,,En_80_96_49,Lined tunnels,Túneis de escavação com revestimento,false,,Genérico,
1473,SECClasS,2021-06-25T00:00:00.000+00:00,1.19,1,Entidades,,3,80,96,80,,En_80_96_80,Shafts,Túneis com revestimento,false,,Genérico,
1474,SECClasS,2021-06-25T00:00:00.000+00:00,1.19,1,Entidades,,3,80,96,90,,En_80_96_90,Tunnels,Poços,false,,Genérico,
1475,SECClasS,2021-06-25T00:00:00.000+00:00,1.19,1,Entidades,,3,80,96,91,,En_80_96_91,Tunnel portals,Túneis,false,,Genérico,
1476,SECClasS,2021-06-25T00:00:00.000+00:00,1.19,1,Entidades,,3,80,96,92,,En_80_96_92,Underpasses,Portais de túneis ,false,,Genérico,
1477,SECClasS,2021-06-25T00:00:00.000+00:00,1.19,1,Entidades,,1,90,,,,En_90,"Circulation, storage and general entities",Passagens subterrâneas,false,,Genérico,
1478,SECClasS,2021-06-25T00:00:00.000+00:00,1.19,1,Entidades,,2,90,10,,,En_90_10,Circulation entities,Entidades gerais de circulação e armazenagem,false,,Genérico,
1479,SECClasS,2021-06-25T00:00:00.000+00:00,1.19,1,Entidades,,3,90,10,2,,En_90_10_02,Access stairways and walkways,Entidades de circulação,false,,Genérico,
1480,SECClasS,2021-06-25T00:00:00.000+00:00,1.19,1,Entidades,,3,90,10,62,,En_90_10_62,Pedestrianized areas,Escadas e passeio de acesso,false,,Genérico,
1481,SECClasS,2021-06-25T00:00:00.000+00:00,1.19,1,Entidades,,3,90,10,77,,En_90_10_77,External service areas,Áreas pedonais,false,,Genérico,
1482,SECClasS,2021-06-25T00:00:00.000+00:00,1.19,1,Entidades,,2,90,30,,,En_90_30,Construction entities,Áreas de serviço externas,false,,Genérico,
1483,SECClasS,2021-06-25T00:00:00.000+00:00,1.19,1,Entidades,,3,90,30,15,,En_90_30_15,Construction sites,Entidades de construção,false,,Genérico,
1484,SECClasS,2021-06-25T00:00:00.000+00:00,1.19,1,Entidades,,3,90,30,95,,En_90_30_95,Work areas,Estaleiros de obras,false,,Genérico,
1485,SECClasS,2021-06-25T00:00:00.000+00:00,1.19,1,Entidades,,2,90,50,,,En_90_50,Storage entities,Áreas de trabalho,false,,Genérico,
1486,SECClasS,2021-06-25T00:00:00.000+00:00,1.19,1,Entidades,,3,90,50,2,,En_90_50_02,Agricultural storage buildings,Entidades de armazenagem,false,,Genérico,
1487,SECClasS,2021-06-25T00:00:00.000+00:00,1.19,1,Entidades,,3,90,50,3,,En_90_50_03,Agricultural storage silos,Edifícios de armazenagem agrícola,false,,Genérico,
1488,SECClasS,2021-06-25T00:00:00.000+00:00,1.19,1,Entidades,,3,90,50,28,,En_90_50_28,Explosives stores,Silos de armazenagem agrícola,false,,Genérico,
1489,SECClasS,2021-06-25T00:00:00.000+00:00,1.19,1,Entidades,,3,90,50,50,,En_90_50_50,Manufacturing tanks and silos,Paiois,false,,Genérico,
1490,SECClasS,2021-06-25T00:00:00.000+00:00,1.19,1,Entidades,,3,90,50,53,,En_90_50_53,Mineral storage silos,Tanques de fabricação e silos,false,,Genérico,
1491,SECClasS,2021-06-25T00:00:00.000+00:00,1.19,1,Entidades,,3,90,50,55,,En_90_50_55,Motor vehicle storage entities,Silos de armazenagem mineral,false,,Genérico,
1492,SECClasS,2021-06-25T00:00:00.000+00:00,1.19,1,Entidades,,3,90,50,68,,En_90_50_68,Refrigerated container storage entities,Entidades de armazenagem de veículos motorizados,false,,Genérico,
1493,SECClasS,2021-06-25T00:00:00.000+00:00,1.19,1,Entidades,,3,90,50,75,,En_90_50_75,Salt storage barns,Entidades de armazenagem de contetores refrigerados,false,,Genérico,
1494,SECClasS,2021-06-25T00:00:00.000+00:00,1.19,1,Entidades,,3,90,50,80,,En_90_50_80,Storage buildings,Armazéns de sal,false,,Genérico,
1495,SECClasS,2021-06-25T00:00:00.000+00:00,1.19,1,Entidades,,2,90,90,,,En_90_90,Plant and control entities,Armazéns ,false,,Genérico,
1496,SECClasS,2021-06-25T00:00:00.000+00:00,1.19,1,Entidades,,3,90,90,9,,En_90_90_09,Buried services routes,Entidades de fabricação e controlo,false,,Genérico,
1497,SECClasS,2021-06-25T00:00:00.000+00:00,1.19,1,Entidades,,3,90,90,11,,En_90_90_11,Cable routes,Serviços de escavação subterrâneas,false,,Genérico,
1498,SECClasS,2021-06-25T00:00:00.000+00:00,1.19,1,Entidades,,3,90,90,27,,En_90_90_27,Environment monitoring buildings,Rotas de cabos,false,,Genérico,
1499,SECClasS,2021-06-25T00:00:00.000+00:00,1.19,1,Entidades,,3,90,90,33,,En_90_90_33,Gauge houses,Edifícios de monitorização ambiental,false,,Genérico,
1500,SECClasS,2021-06-25T00:00:00.000+00:00,1.19,1,Entidades,,3,90,90,35,,En_90_90_35,Gauging station buildings,Estações de medição ,false,,Genérico,
1501,SECClasS,2021-06-25T00:00:00.000+00:00,1.19,1,Entidades,,3,90,90,50,,En_90_90_50,Mechanical services buildings,Edifícios da estação de medição,false,,Genérico,
1502,SECClasS,2021-06-25T00:00:00.000+00:00,1.19,1,Entidades,,3,90,90,64,,En_90_90_64,Plant and equipment buildings,Edifícios de reparação mecânica,false,,Genérico,
1503,SECClasS,2021-06-25T00:00:00.000+00:00,1.19,1,Entidades,,3,90,90,68,,En_90_90_68,Pump houses,Edifícios de fabricação e equipamentos,false,,Genérico,
1504,SECClasS,2021-06-25T00:00:00.000+00:00,1.19,1,Entidades,,3,90,90,80,,En_90_90_80,Services routes,Estações de bombagem,false,,Genérico,
,,,,,,,,,,,,,,Rotas de serviços,,,,
