code,nivel,Uniformat_EN,Uniformat_PT,id_Revit,,
A,1,Substructure,Subestrutura,,,
A10,2,Foundations,Fundações,,,
A1010,3,Standard Foundations,Fundações Correntes,,,
A1010.10,4,Wall Foundations,Fundações Contínuas,61793540cfbe1d288e97ac6a,,
A1010.30,4,Column Foundations,Sapatas,61793540cfbe1d288e97ac92,,
A1010.90,4,Standard Foundation Supplementary Components,Componentes Suplementares de Fundações,,,
A1020,3,Special Foundations,Fundações Especiais,,,
A1020.10,4,Driven Piles,Estacas Cravadas,61793540cfbe1d288e97ac92,,
A1020.15,4,Bored Piles,Estacas Moldadas,61793540cfbe1d288e97ac92,,
A1020.20,4,Caissons,Caixões,61793540cfbe1d288e97ac92,,
A1020.30,4,Special Foundation Walls,Fundações especiais,61793540cfbe1d288e97ac92,,
A1020.40,4,Foundation Anchors,Ancoragens de fundação,61793540cfbe1d288e97ac92,,
A1020.50,4,Underpinning,Reforços de Fundações,61793540cfbe1d288e97ac92,,
A1020.60,4,Raft Foundations,Ensoleiramento geral,61793540cfbe1d288e97ac92,,
A1020.70,4,Pile Caps,Maciços de Encabeçamento,61793540cfbe1d288e97ac92,,
A1020.80,4,Grade Beams,Lintéis de Fundação ,61793540cfbe1d288e97ac92,,
A20,2,Subgrade Enclosures,Contenções em Cave,,,
A2010,3,Walls for Subgrade Enclosures,Paredes em Cave,,,
A2010.10,4,Subgrade Enclosure Wall Construction,Construção de Paredes em Caves,61793540cfbe1d288e97ac6a,,
A2010.20,4,Subgrade Enclosure Wall Interior Skin,Revestimento interior de Paredes em Cave,61793540cfbe1d288e97ac6a,,
A2010.90,4,Subgrade Enclosure Wall Supplementary Components,Componentes suplementares de Paredes em Cave,61793540cfbe1d288e97ac6a,,
A40,2,Slabs-On-Grade,Lajes Sobre o Terreno ,,,
A4010,3,Standard Slabs-on-Grade,Massame Sobre Terreno,,,
A4010.10,4,Standard Slabs-on-Grade,Massame Sobre Terreno,61793540cfbe1d288e97ac5a,,
A4020,3,Structural Slabs-on-Grade,Laje Estrutural Sobre Terreno,,,
A4020.10,4,Structural Slabs-on-Grade,Laje Estrutural Sobre Terreno,61793540cfbe1d288e97ac5a,,
A4030,3,Slab Trenches,Valas Executadas na Laje,,,
A4030.10,4,Slab Trenches,Valas Executadas na Laje,61793540cfbe1d288e97ac5a,,
A4040,3,Pits and Bases,Negativos e Plintos na Laje ,,,
A4040.10,4,Pits and Bases,Negativos e Plintos na Laje ,61793540cfbe1d288e97ac5a,,
A4090,3,Slab-On-Grade Supplementary Components,Elementos Complementares de Laje Sobre Terreno,,,
A4090.10,4,Perimeter Insulation,Isolamento de Perímetro,61793540cfbe1d288e97ac5a,,
A4090.20,4,Vapor Retarder,Barreiras de Vapor,61793540cfbe1d288e97ac5a,,
A4090.30,4,Waterproofing,Impermeabilização,61793540cfbe1d288e97ac5a,,
A4090.50 ,4,Mud Slab,Lâmina de Betão de Limpeza Sob Laje Térrea,61793540cfbe1d288e97ac5a,,
A4090.60,4,Subbase Layer,Camada de Base,61793540cfbe1d288e97ac67,,
A60,2,Water And Gas Mitigation,Mitigação de Água e Gás ,,,
A6010,3,Building Subdrainage,Drenagem Subterrânea da Construção ,,,
A6010.10,4,Foundation Drainage,Drenagem de Fundação,61793540cfbe1d288e97ac85,,
A6010.20,4,Underslab Drainage,Drenagem sob a Laje,61793540cfbe1d288e97ac85,,
A6020,3,Off-Gassing Mitigation,Mitigação de Gases Tóxicos,,,
A6020.10,4,Radon Mitigation,Mitigação de Radão,61793540cfbe1d288e97ac85,,
A6020.50,4,Methane Mitigation,Mitigação de Metano,61793540cfbe1d288e97ac85,,
A90,2,Substructure Related Activities,Actividades Relacionadas Com Subestrutura,,,
A9010,3,Substructure Excavation,Escavação Para Subestrutura,,,
A9010.10,4,Backfill and Compaction,Aterro e Compactação,61793540cfbe1d288e97ac67,,
A9020,3,Construction Dewatering,Remoção de Água Durante a Construção,,,
A9020.10,4,Construction Dewatering,Remoção de Água Durante a Construção,61793540cfbe1d288e97ac67,,
A9030,3,Excavation Support,Suportes Permanentes e Temporários da Escavação,,,
A9030.10,4,Anchor Tiebacks,Ancoragens,61793540cfbe1d288e97ac92,,
A9030.20,4,Cofferdams,Ensecadeiras,61793540cfbe1d288e97ac92,,
A9030.40,4,Cribbing and Walers,Contenções e Escoramentos,61793540cfbe1d288e97ac92,,
A9030.60,4,Ground Freezing,Congelamento de Solos,61793540cfbe1d288e97ac92,,
A9030.70,4,Slurry Walls,Paredes Moldadas com Lamas Bentoníticas,61793540cfbe1d288e97ac92,,
A9040,3,Soil Treatment,Tratamento do Solo,,,
A9040.10,4,Soil Treatment,Tratamento do Solo,61793540cfbe1d288e97ac67,,
B,1,Shell,Esqueleto e Invólucro,,,
B10,2,Superstructure,Superestrutura,,,
B1010,3,Floor Construction,Lajes de Pavimento,,,
B1010.10,4,Floor Structural Frame,Estruturas de Suporte a Lajes de Pavimento,61793540cfbe1d288e97ac93,,
B1010.20,4,"Floor Decks, Slabs, and Toppings","Lajes Estruturais, Decks, Betonilhas e Argamassas não Estruturais",61793540cfbe1d288e97ac5a,,
B1010.30,4,Balcony Floor Construction,Lajes em Terraços,61793540cfbe1d288e97ac5a,,
B1010.40,4,Mezzanine Floor Construction,Laje em Mezaninos,61793540cfbe1d288e97ac5a,,
B1010.50,4,Ramps,Rampas,61793540cfbe1d288e97ac63,,
B1010.90,4,Floor Construction Supplementary Components,Elementos Complementares de Laje de Pavimento,61793540cfbe1d288e97ac5a,,
B1020,3,Roof Construction,Coberturas,,,
B1020.10,4,Roof Structural Frame,Estrutura de Suporte da Cobertura,61793540cfbe1d288e97ac93,,
B1020.20,4,"Roof Decks, Slabs, and Sheathing","Coberturas em Terraço, Lajes, e Revestimentos",61793540cfbe1d288e97ac5a,,
B1020.30,4,Canopy Construction,Canópias,61793540cfbe1d288e97ac93,,
B1020.90,4,Roof Construction Supplementary Components,Elementos Complementares de Coberturas,61793540cfbe1d288e97ac5a,,
B1080,3,Stairs,Escadas,,,
B1080.10,4,Stair Construction,Construção da Escada,61793540cfbe1d288e97ac68,,
B1080.30,4,Stair Soffits,Laje de Escada,61793540cfbe1d288e97ac68,,
B1080.50,4,Stair Railings,Guardas,61793540cfbe1d288e97ac62,,
B1080.60,4,Fire Escapes,Escadas de Emergência,61793540cfbe1d288e97ac68,,
B1080.70,4,Metal Walkways,Passadiços Metálicos,61793540cfbe1d288e97ac68,,
B1080.80,4,Ladders,Escadotes,61793540cfbe1d288e97ac68,,
B20,2,Exterior Vertical Enclosures,Elementos Verticais do Invólucro Exterior  ,,,
B2010,3,Exterior Walls,Paredes Exteriores   ,,,
B2010.10,4,Exterior Wall Veneer,Revestimentos da Fachada,61793540cfbe1d288e97ac6a,,
B2010.20,4,Exterior Wall Construction,Paredes Fachada,61793540cfbe1d288e97ac6a,,
B2010.30,4,Exterior Wall Interior Skin,Revestimento Interior da Fachada,61793540cfbe1d288e97ac6a,,
B2010.40,4,Fabricated Exterior Wall Assemblies,Elementos Pré-Fabricados de Fachadas,61793540cfbe1d288e97ac6a,,
B2010.50,4,Parapets,Parapeitos,61793540cfbe1d288e97ac6a,,
B2010.60,4,Equipment Screens,Sombreamentos,61793540cfbe1d288e97ac6b,,
B2010.80,4,Exterior Wall Supplementary Components,Elementos Complementares de Fachadas,61793540cfbe1d288e97ac6a,,
B2010.90,4,Exterior Wall Opening Supplementary Components,Componentes Suplementares de Vãos Exteriores,61793540cfbe1d288e97ac6b,,
B2020,3,Exterior Windows,Janelas Exteriores,,,
B2020.10,4,Exterior Operating Windows,Janelas Exteriores de Abrir,61793540cfbe1d288e97ac6b,,
B2020.20,4,Exterior Fixed Windows,Janelas Exteriores Fixas,61793540cfbe1d288e97ac6b,,
B2020.30,4,Exterior Window Wall,Fachadas Cortina Exteriores,61793540cfbe1d288e97ac55,,
B2020.50,4,Exterior Special Function Windows,Janelas Exteriores Especiais,61793540cfbe1d288e97ac6b,,
B2050,3,Exterior Doors and Grilles,Portas e Grelhas Exteriores,,,
B2050.10,4,Exterior Entrance Doors,Portas Exteriores de Entrada ,61793540cfbe1d288e97ac58,,
B2050.20,4,Exterior Utility Doors,Portas Exteriores deServiço,61793540cfbe1d288e97ac58,,
B2050.30,4,Exterior Oversize Doors,Portas Exteriores de Grandes Dimensões,61793540cfbe1d288e97ac58,,
B2050.40,4,Exterior Special Function Doors,Portas Exteriores Especiais,61793540cfbe1d288e97ac58,,
B2050.60,4,Exterior Grilles,Grelhas Exteriores,61793540cfbe1d288e97ac58,,
B2050.70,4,Exterior Gates,Portões Exteriores,61793540cfbe1d288e97ac58,,
B2050.90,4,Exterior Door Supplementary Components,Elementos Complementares de Portas Exteriores,61793540cfbe1d288e97ac58,,
B2070,3,Exterior Louvers and Vents,Lâminas Exteriores de Ventilação ,,,
B2070.10,4,Exterior Louvers,Brise-soleil ,61793540cfbe1d288e97ac6b,,
B2070.50,4,Exterior Vents,Respiradouros,61793540cfbe1d288e97ac6b,,
B2080,3,Exterior Wall Appurtenances,Acessórios de Paredes Exteriores   ,,,
B2080.10,4,Exterior Fixed Grilles and Screens,Grelhas Exteriores Fixas e Protecções Solares,61793540cfbe1d288e97ac6b,,
B2080.30,4,Exterior Opening Protection Devices,Protecções de Vãos Exteriores,61793540cfbe1d288e97ac6b,,
B2080.50,4,Exterior Balcony Walls and Railings,Guardas e Corrimões em Varandas,61793540cfbe1d288e97ac62,,61793540cfbe1d288e97ac55
B2080.70,4,Exterior Fabrications,Elementos Fabricados de Fachadas,61793540cfbe1d288e97ac4f,,
B2080.80,4,Bird Control Devices,Dispositivos anti-pássaros,61793540cfbe1d288e97ac4f,,
B2090,3,Exterior Wall Specialties,Especialidades em Paredes Exteriores,,,
B2090.10,4,Exterior Wall Specialties,Especialidades de Paredes Exteriores,61793540cfbe1d288e97ac4f,,
B30,2,Exterior Horizontal Enclosures,Elementos Horizontais do Invólucro Exterior,,,
B3010,3,Roofing,Coberturas ,,,
B3010.10,4,Steep Slope Roofing,Coberturas Inclinadas,61793540cfbe1d288e97ac65,,
B3010.50,4,Low-Slope Roofing,Coberturas com Pendente,61793540cfbe1d288e97ac65,,
B3010.70,4,Canopy Roofing,Pérgolas e Palas,61793540cfbe1d288e97ac65,,
B3010.90,4,Roofing Supplementary Components,Elementos Complementares de Coberturas,61793540cfbe1d288e97ac65,,
B3020,3,Roof Appurtenances,Acessórios de Coberturas,,,
B3020.10,4,Roof Accessories,Acessórios de Coberturas,61793540cfbe1d288e97ac4f,,
B3020.30,4,Roof Specialties,Elementos Especiais de Coberturas,61793540cfbe1d288e97ac4f,,
B3020.70,4,Rainwater Management,Gestão de Águas Pluviais,61793540cfbe1d288e97ac4f,,
B3040,3,Traffic Bearing Horizontal Enclosures,Coberturas e Terraços Com Tráfego,,,
B3040.10,4,Traffic Bearing Coatings,Revestimentos para Coberturas Acessíveis,61793540cfbe1d288e97ac65,,
B3040.30,4,Horizontal Waterproofing Membrane,Membranas Hidrófugas,61793540cfbe1d288e97ac65,,
B3040.50,4,Wear Surfaces,Superfícies de Desgaste,61793540cfbe1d288e97ac65,,
B3040.90,4,Horizontal Enclosure Supplementary Components,Elementos Complementares de Coberturas e Terraços com Tráfego,61793540cfbe1d288e97ac65,,
B3060,3,Horizontal Openings,Vãos no Plano Horizontal,,,
B3060.10,4,Roof Windows and Skylights,Vãos e Claraboias em Coberturas Planas,61793540cfbe1d288e97ac6b,,
B3060.50,4,Vents and Hatches,Ventiladores de Coberturas Planas,61793540cfbe1d288e97ac4f,,
B3060.90,4,Horizontal Opening Supplementary Components,Elementos Complementares de Coberturas Planas,61793540cfbe1d288e97ac4f,,
B3080,3,Overhead Exterior Enclosures,Elementos Exteriores do Fecho Elevado da Construção,,,
B3080.10,4,Exterior Ceilings,Tectos Exteriores em Coberturas,61793540cfbe1d288e97ac53,,
B3080.20,4,Exterior Soffits,Intradorso e Cornijas,61793540cfbe1d288e97ac53,,
B3080.30,4,Exterior Bulkheads,Coberturas de Caixa de Escadas/Elevador/Espaços Técnicos,61793540cfbe1d288e97ac53,,
C,1,Interiors,Interiores,,,
C10,2,Interior Construction,Construção Interior,,,
C1010,3,Interior Partitions,Paredes Divisórias,,,
C1010.10,4,Interior Fixed Partitions,Partições Interiores Fixas,61793540cfbe1d288e97ac6a,,
C1010.20,4,Interior Glazed Partitions,Partições Interiores em Vidro,61793540cfbe1d288e97ac6a,,
C1010.40,4,Interior Demountable Partitions,Partições Interiores Desmontáveis,61793540cfbe1d288e97ac6a,,
C1010.50,4,Interior Operable Partitions,Partições Interiores Móveis,61793540cfbe1d288e97ac6a,,
C1010.70,4,Interior Screens,Partições e Paineis Interiores Vazados,61793540cfbe1d288e97ac6a,,
C1010.90,4,Interior Partition Supplementary Components,Componentes Suplementares de Partições Interiores,61793540cfbe1d288e97ac6a,,
C1020,3,Interior Windows,Janelas Interiores   ,,,
C1020.10,4,Interior Operating Windows,Janelas de Abrir Interiores,61793540cfbe1d288e97ac6b,,
C1020.20,4,Interior Fixed Windows,Janelas Interiores Fixas,61793540cfbe1d288e97ac6b,,
C1020.50,4,Interior Special Function Windows,Janelas Interiores Especiais,61793540cfbe1d288e97ac6b,,
C1020.90,4,Interior Window Supplementary Components,Elementos Complementares de Janelas Interiores,61793540cfbe1d288e97ac6b,,
C1030,3,Interior Doors,Portas Interiores,,,
C1030.10,4,Interior Swinging Doors,Portas de Vaivém Interiores,61793540cfbe1d288e97ac58,,
C1030.20,4,Interior Entrance Doors,Portas de Entrada Interiores,61793540cfbe1d288e97ac58,,
C1030.25,4,Interior Sliding Doors,Portasde Correr Interiores,61793540cfbe1d288e97ac58,,
C1030.30,4,Interior Folding Doors,Portas de Fole Interiores,61793540cfbe1d288e97ac58,,
C1030.40,4,Interior Coiling Doors,Portas de Enrolar Interiores,61793540cfbe1d288e97ac58,,
C1030.50,4,Interior Panel Doors,Portas de Almofadas Interiores,61793540cfbe1d288e97ac58,,
C1030.70,4,Interior Special Function Doors,Portas Especiais Interiores,61793540cfbe1d288e97ac58,,
C1030.80,4,Interior Access Doors and Panels,Portas e Painéis de Acesso Interiores,61793540cfbe1d288e97ac58,,
C1030.90,4,Interior Door Supplementary Components,Elementos Complementares de Portas Interiores,61793540cfbe1d288e97ac58,,
C1040,3,Interior Grilles and Gates,Portões e Grelhas Interiores  ,,,
C1040.10,4,Interior Grilles,Grades Interiores,61793540cfbe1d288e97ac58,,
C1040.50,4,Interior Gates,Portões Interiores,61793540cfbe1d288e97ac58,,
C1060,3,Raised Floor Construction,Pavimentos Elevados,,,
C1060.10,4,Access Flooring,Pavimentos Elevados,61793540cfbe1d288e97ac5a,,
C1060.30,4,Platform/Stage Floors,Plataformas de Palcos,61793540cfbe1d288e97ac5a,,
C1070,3,Suspended Ceiling Construction,Tectos Suspensos   ,,,
C1070.10,4,Acoustical Suspended Ceilings,Tectos Suspensos Acústicos,61793540cfbe1d288e97ac53,,
C1070.20,4,Suspended Plaster and Gypsum Board Ceilings,Tectos Suspensos em Gesso Cartonado,61793540cfbe1d288e97ac53,,
C1070.50,4,Specialty Suspended Ceilings,Tectos Suspensos Especiais,61793540cfbe1d288e97ac53,,
C1070.70,4,Special Function Suspended Ceilings,Tectos Suspensos e Assemblagens de Tectos com Funções Específicas,61793540cfbe1d288e97ac53,,
C1070.90,4,Ceiling Suspension Components,Componentes de Tectos Suspensos,61793540cfbe1d288e97ac53,,
C1090,3,Interior Specialties,Especialidades Interiores,,,
C1090.10,4,Interior Railings and Handrails,Guarda Corpos e Corrimões Interiores,61793540cfbe1d288e97ac62,,
C1090.15,4,Interior Louvers,Grelhas Interiores,61793540cfbe1d288e97ac4f,,
C1090.20,4,Information Specialties,Elementos Visuais de Informação,61793540cfbe1d288e97ac4f,,
C1090.25,4,Compartments and Cubicles,Compartimentos e Cubículos Pré-Fabricados,61793540cfbe1d288e97ac4f,,
C1090.30,4,Service Walls,Módulos de Parede Técnica com Infraestrutura Incorporada,61793540cfbe1d288e97ac6a,,
C1090.35,4,Wall and Door Protection,Protecções de Parede e Porta,61793540cfbe1d288e97ac4f,,
C1090.40,4,"Toilet, Bath, and Laundry Accessories",Acessórios em Zonas Húmidas,61793540cfbe1d288e97ac4f,,
C1090.45,4,Interior Gas Lighting,Iluminação a Gás Interior,61793540cfbe1d288e97ac7e,,
C1090.50,4,Fireplaces and Stoves,Lareiras e Fogões,61793540cfbe1d288e97ac4f,,
C1090.60,4,Safety Specialties,Acessórios de Segurança e Emergência,61793540cfbe1d288e97ac4f,,
C1090.70,4,Storage Specialties,Acessórios de Armazenamento e Arrumação,61793540cfbe1d288e97ac52,,
C1090.90,4,Other Interior Specialties,Outras Especialidades Interiores,61793540cfbe1d288e97ac4f,,
C20,2,Interior Finishes,Acabamentos Interiores,,,
C2010,3,Wall Finishes,Acabamentos em Paredes,,,
C2010.10,4,Tile Wall Finish,Azuleijaria e Revestimentos Cerâmicos em Paredes,61793540cfbe1d288e97ac6a,,
C2010.20,4,Wall Paneling,Apainelados em Paredes,61793540cfbe1d288e97ac6a,,
C2010.30,4,Wall Coverings,Revestimentos Decorativos sobre Paredes,61793540cfbe1d288e97ac6a,,
C2010.35,4,Wall Carpeting,Carpetes em Paredes,61793540cfbe1d288e97ac6a,,
C2010.50,4,Stone Facing,Revestimentos de Pedra em Paredes,61793540cfbe1d288e97ac6a,,
C2010.60,4,Special Wall Surfacing,Revestimentos Especiais em Paredes,61793540cfbe1d288e97ac6a,,
C2010.70,4,Wall Painting and Coating,Pinturas e Envernizamentos em Paredes,61793540cfbe1d288e97ac6a,,
C2010.80,4,Acoustical Wall Treatment,Tratamento Acústico em Paredes,61793540cfbe1d288e97ac6a,,
C2010.90,4,Wall Finish Supplementary Components,Componentes Suplementares de Acabamentos em Paredes,61793540cfbe1d288e97ac6a,,
C2020,3,Interior Fabrications,Conjuntos e Assemblagens  ,,,
C2020.10,4,Interior Fabrications,Conjuntos e Assemblagens  ,61793540cfbe1d288e97ac6a,,
C2030,3,Flooring,Revestimento de Pavimentos ,,,
C2030.10,4,Flooring Treatment,Tratamentos de Superfície em Pavimento,61793540cfbe1d288e97ac5a,,
C2030.20,4,Tile Flooring,Revestimentos Cerâmicos em Pavimento,61793540cfbe1d288e97ac5a,,
C2030.30,4,Specialty Flooring,Pavimentos de Desempenho Específico,61793540cfbe1d288e97ac5a,,
C2030.40,4,Masonry Flooring,Pavimentos em Pedra e Tijolo,61793540cfbe1d288e97ac5a,,
C2030.45,4,Wood Flooring,Pavimentos em Madeira,61793540cfbe1d288e97ac5a,,
C2030.50,4,Resilient Flooring,Pavimentos Resilientes Elásticos,61793540cfbe1d288e97ac5a,,
C2030.60,4,Terrazzo Flooring,Pavimentos em Marmorite Moldados in Situ,61793540cfbe1d288e97ac5a,,
C2030.70,4,Fluid-Applied Flooring,Pavimentos de Aplicação Líquida,61793540cfbe1d288e97ac5a,,
C2030.75,4,Carpeting,Pavimentes em Carpete,61793540cfbe1d288e97ac5a,,
C2030.80,4,Athletic Flooring,Pavimentos Desportivos,61793540cfbe1d288e97ac5a,,
C2030.85,4,Entrance Flooring,Pavimentos em Zonas de Entrada,61793540cfbe1d288e97ac5a,,
C2030.90,4,Flooring Supplementary Components,Componentes Suplementares de Pavimentos,61793540cfbe1d288e97ac5a,,
C2040,3,Stair Finishes,Revestimento de Escadas  ,,,
C2040.20,4,Tile Stair Finish,Revestimentos Cerâmicos em Escadas,61793540cfbe1d288e97ac68,,
C2040.40,4,Masonry Stair Finish,Revestimentos de Escados em Pedra ou Tijolo,61793540cfbe1d288e97ac68,,
C2040.45,4,Wood Stair Finish,Revestimentos de Madeira em Escadas,61793540cfbe1d288e97ac68,,
C2040.50,4,Resilient Stair Finish,Revestimentos Resilientes em Escadas,61793540cfbe1d288e97ac68,,
C2040.60,4,Terrazzo Stair Finish,Revestimentos de Argamassa Colorida com Inertes Decorativos em Escadas,61793540cfbe1d288e97ac68,,
C2040.75,4,Carpeted Stair Finish,Revestimentos de Alcatifa em Escadas,61793540cfbe1d288e97ac68,,
C2050,3,Ceiling Finishes,Revestimento de Tectos,,,
C2050.10,4,Plaster and Gypsum Board Finish,Massas de Acabamento e Placas de Gesso Cartonado Aplicadas em Tectos,61793540cfbe1d288e97ac53,,
C2050.20,4,Ceiling Paneling,Paineis Aplicados em Tectos,61793540cfbe1d288e97ac53,,
C2050.70,4,Ceiling Painting and Coating,"Tratamentos, Pinturas e Envernizamentos em Tectos",61793540cfbe1d288e97ac53,,
C2050.80,4,Acoustical Ceiling Treatment,Paineis Acústicos Aplicados em Tectos,61793540cfbe1d288e97ac53,,
C2050.90,4,Ceiling Finish Supplementary Components,Elementos Complementares em Revestimento de Tectos,61793540cfbe1d288e97ac53,,
C2090,3,Interior Finish Schedules,Mapa de Acabamentos Interiores,,,
D,1,Services,Instalações,,,
D10,2,Conveying,Sistemas Mecânicos de Transporte,,,
D1010,3,Vertical Conveying Systems,Sistemas de Transporte Vertical,,,
D1010.10,4,Elevators,Elevadores,61793540cfbe1d288e97ac4f,,
D1010.20,4,Lifts,Plataformas de cargas,61793540cfbe1d288e97ac4f,,
D1010.30,4,Escalators,Escadas Rolantes,61793540cfbe1d288e97ac4f,,
D1010.40,4,,Montas-Cargas,,,
D1010.50,4,Dumbwaiters,Montas-Pratos,61793540cfbe1d288e97ac4f,,
D1010.60,4,Moving Ramps,Tapetes Rolantes Inclinado,61793540cfbe1d288e97ac4f,,
D1030,3,Horizontal Conveying,Sistemas de Transporte Horizontal,,,
D1030.10,4,Moving Walks,Tapetes Rolantes,61793540cfbe1d288e97ac4f,,
D1030.30,4,Turntables,Plataformas Giratórias,61793540cfbe1d288e97ac4f,,
D1030.50,4,Passenger Loading Bridges,Pontes de Embarque de Passageiros,61793540cfbe1d288e97ac4f,,
D1030.70,4,People Movers,Sistemas de Transporte de Pessoas,61793540cfbe1d288e97ac4f,,
D1050,3,Material Handling,Outros sistemas de Transporte de Material,,,
D1050.10,4,Cranes,Guindastes,61793540cfbe1d288e97ac4f,,
D1050.20,4,Hoists,Guinchos,61793540cfbe1d288e97ac4f,,
D1050.30,4,Derricks,Gruas,61793540cfbe1d288e97ac4f,,
D1050.40,4,Conveyors,Esteiras Transportadoras,61793540cfbe1d288e97ac4f,,
D1050.50,4,Baggage Handling Equipment,Recolha de Bagagem,61793540cfbe1d288e97ac4f,,
D1050.60,4,Chutes,Tubos de Queda,61793540cfbe1d288e97ac4f,,
D1050.70,4,Pneumatic Tube Systems,Sistema de Correio Pneumático,61793540cfbe1d288e97ac4f,,
D1080,3,Operable Access Systems,Sistemas de Acesso Operáveis,,,
D1080.10,4,Suspended Scaffolding,Andaimes Suspensos,61793540cfbe1d288e97ac4f,,
D1080.20,4,Rope Climbers,Escaladores de Corda,61793540cfbe1d288e97ac4f,,
D1080.30,4,Elevating Platforms,Plataformas Elevatórias,61793540cfbe1d288e97ac4f,,
D1080.40,4,Powered Scaffolding,Andaimes Motorizados,61793540cfbe1d288e97ac4f,,
D1080.50,4,Building Envelope Access,Equipamentos para Acesso a Fachadas,61793540cfbe1d288e97ac4f,,
D20,2,Plumbing,Hidráulica,,,
D2010,3,Domestic Water Distribution,Rede de Distribuição de Água em Edifícios  ,,,
D2010.10,4,Facility Potable-Water Storage Tanks,Deposíto de Água Potável em Edifícios,61793540cfbe1d288e97ac85,,
D2010.20,4,Domestic Water Equipment,Equipamentos de Águas Domésticas,61793540cfbe1d288e97ac85,,
D2010.40,4,Domestic Water Piping,Tubagens de Águas Domésticas,61793540cfbe1d288e97ac85,,
D2010.60,4,Plumbing Fixtures,Louça Sanitária e Torneiraria,61793540cfbe1d288e97ac85,,
D2010.90,4,Domestic Water Distribution Supplementary,Elementos Complementares de Águas Domésticas,61793540cfbe1d288e97ac85,,
D2020,3,Sanitary Drainage,Rede de Águas Residuais em Edifícios,,,
D2020.10,4,Sanitary Sewerage Equipment,Equipamentos de Esgotos Sanitários,61793540cfbe1d288e97ac85,,
D2020.30,4,Sanitary Sewerage Piping,Tubagens de Esgotos Sanitários,61793540cfbe1d288e97ac85,,
D2020.90,4,Sanitary Drainage Supplementary Components,Elementos Complementares de Esgotos Sanitários,61793540cfbe1d288e97ac85,,
D2030,3,Building Support Plumbing Systems,Sistemas de Drenagem de Suporte em Edifícios ,,,
D2030.10,4,Stormwater Drainage Equipment,Equipamentos de Drenagem de Águas Pluviais,61793540cfbe1d288e97ac85,,
D2030.20,4,Stormwater Drainage Piping,Tubagens de Águas Pluviais,61793540cfbe1d288e97ac85,,
D2030.30,4,Facility Stormwater Drains,Drenos de Águas Pluviais,61793540cfbe1d288e97ac85,,
D2030.60,4,Gray Water Systems,Sistemas de Águas Cinzentas,61793540cfbe1d288e97ac85,,
D2030.90,4,Building Support Plumbing System Supplementary Components,Elementos Complementares de Hidráulica,61793540cfbe1d288e97ac85,,
D2050,3,General Service Compressed-Air,Sistemas Gerais de Ar Comprimido ,,,
D2050.10,4,General Service Compressed-Air,Sistemas Gerais de Ar Comprimido ,61793540cfbe1d288e97ac85,,
D2060,3,Process Support Plumbing Systems,Sistemas de Tubagem de Suporte a Infraestruturas,,,
D2060.10,4,Compressed-Air Systems,Sistemas de Ar Comprimido,61793540cfbe1d288e97ac85,,
D2060.20,4,Vacuum Systems,Sistemas de Vácuo,61793540cfbe1d288e97ac85,,
D2060.30,4,Gas Systems,Sistemas de Gás,61793540cfbe1d288e97ac85,,
D2060.40,4,Chemical-Waste Systems,Sistemas de Resíduos Químicos,61793540cfbe1d288e97ac85,,
D2060.50,4,Processed Water Systems,Sistemas de Água Processada,61793540cfbe1d288e97ac85,,
D2060.90,4,Process Support Plumbing System Supplementary Components,Elementos Complementares de Canalização de redes especiais,61793540cfbe1d288e97ac85,,
D30,2,"Heating, Ventilation, and Air Conditioning (HVAC)","Aquecimento, Ventilação e Ar Condicionado  ",,,
D3010,3,Facility Fuel Systems,Sistemas de Combustível em Edifícios,,,
D3010.10,4,Fuel Piping,Tubagens para Combustível,61793540cfbe1d288e97ac7f,,
D3010.30,4,Fuel Pumps,Bombas de Combustível,61793540cfbe1d288e97ac7f,,
D3010.50,4,Fuel Storage Tanks,Depósitos de combustível,61793540cfbe1d288e97ac7f,,
D3020,3,Heating Systems,Sistemas de Aquecimento,,,
D3020.10,4,Heat Generation,Geração de Calor,61793540cfbe1d288e97ac7f,,
D3020.30,4,Thermal Heat Storage,Depósito de Inércia Térmica,61793540cfbe1d288e97ac7f,,
D3020.70,4,Decentralized Heating Equipment,Equipamentos de Aquecimento Descentralizados,61793540cfbe1d288e97ac7f,,
D3020.90,4,Heating System Supplementary Components,Elementos Complementares de Sistemas de Aquecimento,61793540cfbe1d288e97ac7f,,
D3030,3,Cooling Systems,Sistemas de Arrefecimento,,,
D3030.10,4,Central Cooling,Arrefecimento Central,61793540cfbe1d288e97ac7f,,
D3030.30,4,Evaporative Air-Cooling,Arrefecimento de Ar Evaporativo,61793540cfbe1d288e97ac7f,,
D3030.50,4,Thermal Cooling Storage,Depósitos Térmicos de Arrefecimento,61793540cfbe1d288e97ac7f,,
D3030.70,4,Decentralized Cooling,Equipamentos de Arrefecimento Descentralizados,61793540cfbe1d288e97ac7f,,
D3030.90,4,Cooling System Supplementary Components,Elementos Complementares de Sistemas de Arrefecimento,61793540cfbe1d288e97ac7f,,
D3050,3,Facility HVAC Distribution Systems,Sistemas de Distribuição de AVAC,,,
D3050.10,4,Facility Hydronic Distribution,Sistemas de Distribuição Hidrónicos,61793540cfbe1d288e97ac7f,,
D3050.30,4,Facility Steam Distribution,Distribuição de vapor em edifícios,61793540cfbe1d288e97ac7f,,
D3050.50,4,HVAC Air Distribution,AVAC Distribuição de Ar,61793540cfbe1d288e97ac7f,,
D3050.90,4,Facility Distribution Systems Supplementary Components,Componentes Suplementares de Sistemas de Distribuição em Edifícios,61793540cfbe1d288e97ac7f,,
D3060,3,Ventilation,Ventilação,,,
D3060.10,4,Supply Air,Ar Insuflação,61793540cfbe1d288e97ac7f,,
D3060.20,4,Return Air,Ar Retorno,61793540cfbe1d288e97ac7f,,
D3060.30,4,Exhaust Air,Ar Extração,61793540cfbe1d288e97ac7f,,
D3060.35,4,,Desenfumagem e Ventilação,61793540cfbe1d288e97ac7f,,
D3060.40,4,Outside Air,Ar Novo,61793540cfbe1d288e97ac7f,,
D3060.60,4,Air-to-Air Energy Recovery,Sistemas de Recuperação de Enegia Ar/Ar,61793540cfbe1d288e97ac7f,,
D3060.70,4,HVAC Air Cleaning,AVAC Filtração de Ar,61793540cfbe1d288e97ac7f,,
D3060.90,4,Ventilation Supplementary Components,Elementos Complementares de Sistemas de Ventilação,61793540cfbe1d288e97ac7f,,
D3070,3,Special Purpose HVAC Systems,Sistemas Especiais de AVAC ,,,
D3070.10,4,Snow Melting,Sistemas de Dissolução de Neve,61793540cfbe1d288e97ac7f,,
D40,2,Fire Protection,Protecção e Segurança Contra Incêndios,,,
D4010,3,Fire Suppression,Sistemas de Supressão e Combate a Incêndios,,,
D4010.10,4,Water-Based Fire-Suppression,Sistemas de Água Contra Incêndios,61793540cfbe1d288e97ac85,,
D4010.50,4,Fire-Extinguishing,Sistemas de Extinção de Incêndios Sem Água,61793540cfbe1d288e97ac85,,
D4010.90,4,Fire Suppression Supplementary Components,Elementos Complementares de Supressão de Incêndios,61793540cfbe1d288e97ac85,,
D4030,3,Fire Protection Specialties,Especialidades de Protecção Contra Incêndio,,,
D4030.10,4,Fire Protection Cabinets,Armários de Segurança Contra Incendios,61793540cfbe1d288e97ac4f,,
D4030.30,4,Fire Extinguishers,Extintores,61793540cfbe1d288e97ac4f,,
D4030.50,4,Breathing Air Replenishment Systems,Sistemas Autónomos de respiração,61793540cfbe1d288e97ac4f,,
D4030.70,4,Fire Extinguisher Accessories,Acessórios de Extintores,61793540cfbe1d288e97ac4f,,
D50,2,Electrical,Instalações Eléctricas,,,
D5010,3,Facility Power Generation,Geração de Energia em Edifícios ,,,
D5010.10,4,Packaged Generator Assemblies,Grupo Geradores,61793540cfbe1d288e97ac77,,
D5010.20,4,Battery Equipment,Baterias,61793540cfbe1d288e97ac77,,
D5010.30,4,Photovoltaic Collectors,Painéis Fotovoltaicos,61793540cfbe1d288e97ac77,,
D5010.40,4,Fuel Cells,Células de Combustível,61793540cfbe1d288e97ac77,,
D5010.60,4,Power Filtering and Conditioning,Filtros e condicionadores,61793540cfbe1d288e97ac77,,
D5010.70,4,Transfer Switches,Interruptores de Comutação de Transferência ,61793540cfbe1d288e97ac77,,
D5010.90,4,Facility Power Generation Supplementary Components,Componentes Suplementares de Geração de Energia,61793540cfbe1d288e97ac77,,
D5020,3,Electrical Service and Distribution,Serviço e Distribuição Eléctrica,,,
D5020.10,4,Electrical Service,Distribuição Eléctrica,61793540cfbe1d288e97ac77,,
D5020.30,4,Power Distribution,Distribuição de Energia Eléctrica,61793540cfbe1d288e97ac77,,
D5020.70,4,Facility Grounding,Sistema de Terra em Edifícios,61793540cfbe1d288e97ac77,,
D5020.90,4,Electrical Service and Distribution Supplementary Components,Componentes Suplementares de Serviço e Distribuição Eléctrica,61793540cfbe1d288e97ac77,,
D5030,3,General Purpose Electrical Power,Potência Eléctrica de Uso Geral ,,,
D5030.10,4,Branch Wiring System,Sistema de Cablagem Eléctrica,61793540cfbe1d288e97ac77,,
D5030.50,4,Wiring Devices,Aparelhos de Cablagem - Tomadas e interruptores,61793540cfbe1d288e97ac78,,
D5030.90,4,General Purpose Electrical Power Supplementary Components,Componentes Suplementares de Potência Eléctrica de Uso Geral,61793540cfbe1d288e97ac77,,
D5040,3,Lighting,Iluminação,,,
D5040.10,4,Lighting Control,Controlos de Iluminação,61793540cfbe1d288e97ac7e,,
D5040.20,4,Branch Wiring for Lighting,Cablagem para Iluminação,61793540cfbe1d288e97ac77,,
D5040.50,4,Lighting Fixtures,Aparelhos de Iluminação,61793540cfbe1d288e97ac7e,,
D5040.90,4,Lighting Supplementary Components,Componentes suplementares de Iluminação,61793540cfbe1d288e97ac7e,,
D5080,3,Miscellaneous Electrical Systems,Sistemas Eléctricos Variados ,,,
D5080.10,4,Lightning Protection,Proteção contra Raios,61793540cfbe1d288e97ac77,,
D5080.40,4,Cathodic Protection,Proteção Catódica,61793540cfbe1d288e97ac77,,
D5080.70,4,Transient Voltage Suppression,Supressão de Tensão Transiente,61793540cfbe1d288e97ac77,,
D5080.90,4,Miscellaneous Electrical Systems Supplementary Components,Componentes suplementares de Sistemas Eléctricos Variados,61793540cfbe1d288e97ac77,,
D60,2,Communications,Comunicações,,,
D6010,3,Data Communications,Comunicações de Dados,,,
D6010.10,4,Data Communications Network Equipment,Equipamento de Rede de Comunicação de Dados,61793540cfbe1d288e97ac77,,
D6010.20,4,Data Communications Hardware,Comunicações de Dados - Hardware,61793540cfbe1d288e97ac77,,
D6010.30,4,Data Communications Peripheral Data Equipment,Equipamento de Dados Periféricos,61793540cfbe1d288e97ac77,,
D6010.50,4,Data Communications Software,Comunicações de Dados - Software,61793540cfbe1d288e97ac77,,
D6010.60,4,Data Communication Program and Integration Services,Comunicações de Dados - Programa e Serviços de Integração,61793540cfbe1d288e97ac77,,
D6020,3,Voice Communications,Comunicações de Voz,,,
D6020.10,4,Voice Communications Switching and Routing Equipment,Comunicações de Voz - Comutação e Equipamentos de Router,61793540cfbe1d288e97ac77,,
D6020.20,4,Voice Communications Terminal Equipment,Comunicações de Voz - Equipamentos Terminais,61793540cfbe1d288e97ac77,,
D6020.30,4,Voice Communications Messaging,Comunicações de Voz - Mensagens,61793540cfbe1d288e97ac77,,
D6020.40,4,Call Accounting,Contabilidade de Chamadas,61793540cfbe1d288e97ac77,,
D6020.50,4,Call Management,Gestão de Chamadas Telefónicas,61793540cfbe1d288e97ac77,,
D6030,3,Audio-Video Communication,Comunicações de Video-Audio,,,
D6030.10,4,Audio-Video Systems,Sistemas de Áudio e Vídeo,61793540cfbe1d288e97ac77,,
D6030.50,4,Electronic Digital Systems,Sistemas Digitais de Áudio e Video,61793540cfbe1d288e97ac77,,
D6060,3,Distributed Communications and Monitoring,Comunicações Distribuídas e Monitorização,,,
D6060.10,4,Distributed Audio-Video Communications Systems,Sistemas Distribuídos de Comunicações de Áudio e Vídeo,61793540cfbe1d288e97ac77,,
D6060.30,4,Healthcare Communications and Monitoring,Cuidados de Saúde Comunicações e Monitorizações,61793540cfbe1d288e97ac77,,
D6060.50,4,Distributed Systems,Sistemas Distribuídos,61793540cfbe1d288e97ac77,,
D6090,3,Communications Supplementary Components,Componentes Suplementares de Comunicações,,,
D6090.10,4,Supplementary Components,Componentes Suplementares de Sistemas  de Comunicações,61793540cfbe1d288e97ac77,,
D70,2,Electronic Safety And Security,Segurança Electrónica e Contra Intrusão  ,,,
D7010,3,Access Control and Intrusion Detection,Controlo de Acessos e Detecção de Intrusão,,,
D7010.10,4,Access Control,Controlo de Acessos,61793540cfbe1d288e97ac77,,
D7010.50,4,Intrusion Detection,Detecção de Intrusão,61793540cfbe1d288e97ac77,,
D7030,3,Electronic Surveillance,Vigilância Electrónica,,,
D7030.10,4,Video Surveillance,Video Vigilância,61793540cfbe1d288e97ac77,,
D7030.50,4,Electronic Personal Protection,Proteção Pessoal Eletrónica,61793540cfbe1d288e97ac77,,
D7050,3,Detection and Alarm,Detecção e Alarme,,,
D7050.10,4,Fire Detection and Alarm,Detecção e Alarmes de Incêndios,61793540cfbe1d288e97ac77,,
D7050.20,4,Radiation Detection and Alarm,Detecção e Alarmes de Radiações,61793540cfbe1d288e97ac77,,
D7050.30,4,Fuel-Gas Detection and Alarm,Detecção e Alarme de Gás Combustível,61793540cfbe1d288e97ac77,,
D7050.40,4,Fuel-Oil Detection and Alarm,Detecção e Alarme de Óleo Combustível,61793540cfbe1d288e97ac77,,
D7050.50,4,Refrigeration Detection and Alarm,Detecção e Alarme de Refrigeração,61793540cfbe1d288e97ac77,,
D7050.60,4,Water Intrusion Detection and Alarm,Detecção e Alarme de Intrusão de Água,61793540cfbe1d288e97ac77,,
D7070,3,Electronic Monitoring and Control,Monitorização e Controlo Electrónico,,,
D7070.10,4,Electronic Detention Monitoring and Control,Monitorização e Controlo de Detenção Eletrónica,61793540cfbe1d288e97ac77,,
D7090,3,Electronic Safety and Security Supplementary Components,Componentes Suplementares de Segurança Electrónica e Contra Intrusão,,,
D7090.10,4,Supplementary Components,Componentes suplementares de Sistemas de Segurança Electrónica e Contra Intrusão,61793540cfbe1d288e97ac77,,
D80,2,Integrated Automation,Automação Integrada,,,
D8010,3,Integrated Automation Facility Controls,Sistemas de Controlo de Automação Integrada,,,
D8010.10,4,Integrated Automation Control of Equipment,Controlo de Automação Integrado de Equipamentos,61793540cfbe1d288e97ac7f,,
D8010.20,4,Integrated Automation Control of Conveying Equipment,Controlo de Automação Integrado de Equipamentos de transporte,61793540cfbe1d288e97ac7f,,
D8010.30,4,Integrated Automation Control of Fire-Suppression Systems,Controlo de Automação Integrado de Sistemas de Supressão de Incêndio,61793540cfbe1d288e97ac7f,,
D8010.40,4,Integrated Automation Control of Plumbing Systems,Controlo de Automação Integrado de Sistemas Hidráulicos,61793540cfbe1d288e97ac7f,,
D8010.50,4,Integrated Automation Control of HVAC Systems,Controlo de Automação Integrado de Sistemas de AVAC,61793540cfbe1d288e97ac7f,,
D8010.60,4,Integrated Automation Control of Electrical Systems,Controlo Integrado de Automação de Sistemas Elétricos,61793540cfbe1d288e97ac7f,,
D8010.70,4,Integrated Automation Control of Communication Systems,Controlo de Automação Integrado de Sistemas de Comunicação,61793540cfbe1d288e97ac7f,,
D8010.80,4,Integrated Automation Control of Electronic Safety and Security Systems,Controlo de Automação Integrado de Sistemas Eletrónicos de Segurança e Proteção,61793540cfbe1d288e97ac7f,,
D8010.90,4,Integrated Automation Supplementary Components,Componentes Complementares de Automação Integrada,61793540cfbe1d288e97ac7f,,
E,1,Equipment and Furnishings,Equipamento e Mobiliário,,,
E10,2,Equipment,Equipamento,,,
E1010,3,Vehicle and Pedestrian Equipment,Equipamento em Infraestruturas de Apoio a Veículos e Peões,,,
E1010.10,4,Vehicle Servicing Equipment,Equipamento de Apoio a Veículos,61793540cfbe1d288e97ac4f,,
E1010.30,4,Interior Parking Control Equipment,Equipamento de controlo de Estacionamento ,61793540cfbe1d288e97ac4f,,
E1010.50,4,Loading Dock Equipment,Equipamentos de Cais de Descarga,61793540cfbe1d288e97ac4f,,
E1010.70,4,Interior Pedestrian Control Equipment,Equipamento de Controlo de Peões,61793540cfbe1d288e97ac4f,,
E1030,3,Commercial Equipment,Equipamento em Edifícios Comerciais  ,,,
E1030.10,4,Mercantile and Service Equipment,Equipamentos de Serviços e Mercadorías,61793540cfbe1d288e97ac4f,,
E1030.20,4,Vault Equipment,Cofres,61793540cfbe1d288e97ac4f,,
E1030.25,4,Teller and Service Equipment,Equipamentos de Comunicação ,61793540cfbe1d288e97ac4f,,
E1030.30,4,Refrigerated Display Equipment,Vitrines refrigeradas,61793540cfbe1d288e97ac4f,,
E1030.35,4,Commercial Laundry and Dry Cleaning Equipment,Equipamentos Comerciais de Lavagem e Limpeza a Seco,61793540cfbe1d288e97ac4f,,
E1030.40,4,Maintenance Equipment,Equipamentos de Manutenção,61793540cfbe1d288e97ac4f,,
E1030.50,4,Hospitality Equipment,Equipamentos Hoteleiros,61793540cfbe1d288e97ac4f,,
E1030.55,4,Unit Kitchens,Unidades de Cozinhas,61793540cfbe1d288e97ac52,,
E1030.60,4,Photographic Processing Equipment,Equipamentos de Processamento Fotográfico,61793540cfbe1d288e97ac4f,,
E1030.70,4,"Postal, Packaging, and Shipping Equipment",Equipamentos de Embalagem Postais,61793540cfbe1d288e97ac4f,,
E1030.75,4,Office Equipment,Equipamentos de Escritório,61793540cfbe1d288e97ac4f,,
E1030.80,4,Foodservice Equipment,Equipamento de Serviço Alimentar,61793540cfbe1d288e97ac4f,,
E1040,3,Institutional Equipment,Equipamento em Edifícios Institucionais,,,
E1040.10,4,Educational and Scientific Equipment,Equipamentos Cientificos e Educacionais,61793540cfbe1d288e97ac4f,,
E1040.20,4,Healthcare Equipment,Equipamentos de Saúde,61793540cfbe1d288e97ac4f,,
E1040.40,4,Religious Equipment,Equipamentos Religiosos,61793540cfbe1d288e97ac4f,,
E1040.60,4,Security Equipment,Equipamentos de Segurança,61793540cfbe1d288e97ac4f,,
E1040.70,4,Detention Equipment,Equipamentos de Detenção,61793540cfbe1d288e97ac4f,,
E1060,3,Residential Equipment,Equipamentos em Edifícios Residenciais,,,
E1060.10,4,Residential Appliances,Equipamentos Electrodmésticos Residenciais,61793540cfbe1d288e97ac4f,,
E1060.50,4,Retractable Stairs,Escadas Retrácteis,61793540cfbe1d288e97ac4f,,
E1060.70,4,Residential Ceiling Fans,Ventoinhas Residenciais,61793540cfbe1d288e97ac4f,,
E1070,3,Entertainment and Recreational Equipment,Equipamentos em Edifícios de Entretenimento e Recreativos,,,
E1070.10,4,Theater and Stage Equipment,Equipamentos de Teatro e Palco,61793540cfbe1d288e97ac4f,,
E1070.20,4,Musical Equipment,Equipamentos Musicais,61793540cfbe1d288e97ac4f,,
E1070.50,4,Athletic Equipment,Equipamentos Atléticos,61793540cfbe1d288e97ac4f,,
E1070.60,4,Recreational Equipment,Equipamentos Recreátivos,61793540cfbe1d288e97ac4f,,
E1090,3,Other Equipment,Outros Equipamentos,,,
E1090.10,4,Solid Waste Handling Equipment,Equipamentos de Resíduos Sólidos,61793540cfbe1d288e97ac4f,,
E1090.30,4,Agricultural Equipment,Equipamentos Agricolas,61793540cfbe1d288e97ac4f,,
E1090.40,4,Horticultural Equipment,Equipamentos de Horticultura,61793540cfbe1d288e97ac4f,,
E1090.60,4,Decontamination Equipment,Equipamentos de Descontaminação,61793540cfbe1d288e97ac4f,,
E20,2,Furnishings,Mobiliário,,,
E2010,3,Fixed Furnishings,Mobiliário Fixo,,,
E2010.10,4,Fixed Art,Peças de Arte Fixas,61793540cfbe1d288e97ac5b,,
E2010.20,4,Window Treatments,Acessórios em Janelas,61793540cfbe1d288e97ac5b,,
E2010.30,4,Casework,Elementos de Carpintaria e Serralharia à Medida,61793540cfbe1d288e97ac52,,
E2010.70,4,Fixed Multiple Seating,Assentos Colectivos Fixos,61793540cfbe1d288e97ac5b,,
E2010.90,4,Other Fixed Furnishings,Outras Peças e Elementos Decorativos Fixos,61793540cfbe1d288e97ac5b,,
E2050,3,Movable Furnishings,Mobiliário Solto,,,
E2050.10,4,Movable Art,Peças de Arte Móveis,61793540cfbe1d288e97ac5b,,
E2050.30,4,Furniture,Mobiliário,61793540cfbe1d288e97ac5b,,
E2050.40,4,Accessories,Acessórios,61793540cfbe1d288e97ac5b,,
E2050.60,4,Movable Multiple Seating,Assentos Colectivos Móveis,61793540cfbe1d288e97ac5b,,
E2050.90,4,Other Movable Furnishings,Outras Peças e Elementos Decorativos Móveis,61793540cfbe1d288e97ac5b,,
F,1,Special Construction And Demolition,Construção Especial e Demolições,,,
F10,2,Special Construction,Construção Especial,,,
F1010,3,Integrated Construction,Construção Integrada  ,,,
F1010.10,4,Building Modules,Equipamentos Modulares,61793540cfbe1d288e97ac4f,,
F1010.50,4,Manufactured Fabricated Rooms,Compartimentos Modulares,61793540cfbe1d288e97ac4f,,
F1010.70,4,Modular Mezzanines,Mezaninos Modulares,61793540cfbe1d288e97ac4f,,
F1020,3,Special Structures,Estruturas Especiais,,,
F1020.10,4,Fabric Structures,Estruturas Tensionadas,61793540cfbe1d288e97ac93,,
F1020.20,4,Space Frames,Estruturas Espaciais,61793540cfbe1d288e97ac93,,
F1020.30,4,Geodesic Structures,Estruturas Geodésicas,61793540cfbe1d288e97ac93,,
F1020.40,4,Manufacturer-Engineered Structures,Estruturas Pré-Fabricadas,61793540cfbe1d288e97ac93,,
F1020.60,4,Manufactured Canopies,Pérgolas Pré-Fabricadas,61793540cfbe1d288e97ac93,,
F1020.65,4,Rammed Earth Construction,Construção em Terra Batida,61793540cfbe1d288e97ac93,,
F1020.70,4,Towers,Torres,61793540cfbe1d288e97ac93,,
F1030,3,Special Function Construction,Construção Com Requisitos Funcionais Especiais,,,
F1030.10,4,Sound and Vibration Control,Controlo de Som e Vibrações,61793540cfbe1d288e97ac4f,,
F1030.30,4,Seismic Control,Controlo Sísmico,61793540cfbe1d288e97ac4f,,
F1030.50,4,Radiation Protection,Protecções Anti-Radiações,61793540cfbe1d288e97ac4f,,
F1050,3,Special Facility Components,Componentes de Instalações Especiais,,,
F1050.10,4,Pools,Piscinas,61793540cfbe1d288e97ac4f,,
F1050.20,4,Interior Fountains,Fontes Interiores,61793540cfbe1d288e97ac4f,,
F1050.30,4,Interior Water Features,Elementos de Água,61793540cfbe1d288e97ac4f,,
F1050.40,4,Aquariums,Aquários,61793540cfbe1d288e97ac4f,,
F1050.50,4,Amusement Park Structures and Equipment,Estruturas e Equipamentos de Parques de Diversão,61793540cfbe1d288e97ac4f,,
F1050.60,4,Ice Rinks,Ringues de Gelo,61793540cfbe1d288e97ac4f,,
F1050.70,4,Animal Containment,Confinamento de Animais,61793540cfbe1d288e97ac4f,,
F1060,3,Athletic and Recreational Special Construction,Construção Especial em Edifícios Recreativos e Desportivos,,,
F1060.10,4,Indoor Soccer Boards,Paineis de Protecção para Campos de Futebol de Salão,61793540cfbe1d288e97ac4f,,
F1060.20,4,Safety Netting,Redes de Protecção para Campos de Jogos,61793540cfbe1d288e97ac4f,,
F1060.30,4,Arena Football Boards,Paineis de Protecção para Campos de Futebol de 11,61793540cfbe1d288e97ac4f,,
F1060.40,4,Floor Sockets,Caixas e Tomadas de Alimentação em Pavimento Desportivo,61793540cfbe1d288e97ac4f,,
F1060.50,4,Athletic and Recreational Court Walls,Paredes de Protecção em Espaços de Jogos e Recreativos,61793540cfbe1d288e97ac4f,,
F1060.60,4,Demountable Athletic Surfaces,Superfícies e Estrados Desportivos Desmontáveis,61793540cfbe1d288e97ac4f,,
F1080,3,Special Instrumentation,Instrumentação Especial,,,
F1080.10,4,Stress Instrumentation,Instrumentos de Medição de Stress em Estruturas,61793540cfbe1d288e97ac4f,,
F1080.20,4,Seismic Instrumentation,Instrumentos de Medição Sísmica,61793540cfbe1d288e97ac4f,,
F1080.40,4,Meteorological Instrumentation,Instrumentos de Medição Metereológica,61793540cfbe1d288e97ac4f,,
F1080.60,4,Earth Movement Monitoring,Instrumentos de Medição de Movimentos do Solo,61793540cfbe1d288e97ac4f,,
F20,2,Facility Remediation,Remediação de Instalações,,,
F2010,3,Hazardous Materials Remediation,Remediação de Materiais Perigosos,,,
F2010.10,4,Transportation and Disposal of Hazardous Materials,Transporte e Destruição de Materiais Perigosos,61793540cfbe1d288e97ac67,,
F2010.20,4,Asbestos Remediation,Remediação de Amianto,61793540cfbe1d288e97ac67,,
F2010.30,4,Lead Remediation,Remediação de Chumbo,61793540cfbe1d288e97ac67,,
F2010.40,4,Polychlorinate Biphenyl Remediation,Remediação de Bifenilos policlorados,61793540cfbe1d288e97ac67,,
F2010.50,4,Mold Remediation,Remediação de Mofo,61793540cfbe1d288e97ac67,,
F30,2,Demolition,Demolições,,,
F3010,3,Structure Demolition,Demolição Total de Instalações,,,
F3010.10,4,Building Demolition,Demolição de Edifícios,61793540cfbe1d288e97ac67,,
F3010.30,4,Tower Demolition,Demolição de Torres,61793540cfbe1d288e97ac67,,
F3010.50,4,Bridge Demolition,Demolição de Pontes,61793540cfbe1d288e97ac67,,
F3010.70,4,Dam Demolition,Demolição de Barragens,61793540cfbe1d288e97ac67,,
F3030,3,Selective Demolition,Demolição Parcial de Instalações,,,
F3030.10,4,Selective Building Demolition,Demolição Parcial de Edifícios,61793540cfbe1d288e97ac67,,
F3030.30,4,Selective Interior Demolition,Demolição Parcial de Interiores,61793540cfbe1d288e97ac67,,
F3030.50,4,Selective Bridge Demolition,Demolição Parcial de Pontes,61793540cfbe1d288e97ac67,,
F3030.70,4,Selective Historic Demolition,Demolição Parcial de Edifícios Históricos,61793540cfbe1d288e97ac67,,
F3050,3,Structure Moving,Movimentação e Relocalização de Estruturas,,,
F3050.10,4,Structure Relocation,Relocalização de Estruturas,61793540cfbe1d288e97ac67,,
F3050.30,4,Structure Raising,Elevação de Estruturas,61793540cfbe1d288e97ac67,,
G,1,Sitework,Trabalhos na Envolvente,,,
G10,2,Site Preparation,Preparação do Local da Obra,,,
G1010,3,Site Clearing,Limpeza e Desmatamento do Local da Obra,,,
G1010.10,4,Clearing and Grubbing,Limpeza de Terreno,61793540cfbe1d288e97ac67,,
G1010.30,4,Tree and Shrub Removal and Trimming,Remoção e Aparagem de Árvores e Arbustos,61793540cfbe1d288e97ac67,,
G1010.50,4,Earth Stripping and Stockpiling,Extração e armazenamento de terra,61793540cfbe1d288e97ac67,,
G1020,3,Site Elements Demolition,Demolição de Elementos no Local da Obra,,,
G1020.10,4,Utility Demolition,"Demolição de Redes de Energia, Consumo e Esgoto",61793540cfbe1d288e97ac67,,
G1020.30,4,Infrastructure Demolition,Demolição de Infraestruturas,61793540cfbe1d288e97ac67,,
G1020.50,4,Selective Site Demolition,Demolição Parcial de Terrenos,61793540cfbe1d288e97ac67,,
G1030,3,Site Element Relocations,Relocalização de Elementos no Local da Obra,,,
G1030.10,4,Utility Relocation Includes: Relocation of utility systems,"Relocalização de Redes de Energia, Consumo e Esgoto",61793540cfbe1d288e97ac67,,
G1050,3,Site Remediation,Remediação no Local da Obra  ,,,
G1050.10,4,Physical Decontamination,Descontaminação Física,61793540cfbe1d288e97ac67,,
G1050.15,4,Chemical Decontamination,Descontaminação Química,61793540cfbe1d288e97ac67,,
G1050.20,4,Thermal Decontamination,Descontaminação Térmica,61793540cfbe1d288e97ac67,,
G1050.25,4,Biological Decontamination,Descontaminação Biológica,61793540cfbe1d288e97ac67,,
G1050.30,4,Remediation Soil Stabilization,Estabilização e Remediação de Solos,61793540cfbe1d288e97ac67,,
G1050.40,4,Site Containment,Contenção de Terrenos,61793540cfbe1d288e97ac67,,
G1050.45,4,Sinkhole Remediation,Remediação de Sumidouros,61793540cfbe1d288e97ac67,,
G1050.50,4,Hazardous Waste Drum Handling,Meios Mecânicos para Movimentação de Contentores de Resíduos Tóxicos,61793540cfbe1d288e97ac67,,
G1050.60,4,Contaminated Site Material Removal,Remoção de Materiais Contaminados em Terrenos,61793540cfbe1d288e97ac67,,
G1050.80,4,Water Remediation,Remedição de Águas,61793540cfbe1d288e97ac67,,
G1070,3,Site Earthwork,Movimento de Terras no Local da Obra,,,
G1070.10,4,Grading,Nivelamento,61793540cfbe1d288e97ac69,,
G1070.20,4,Excavation and Fill,Escavação e Aterro,61793540cfbe1d288e97ac69,,
G1070.30,4,Embankments,Aterros,61793540cfbe1d288e97ac69,,
G1070.35,4,Erosion and Sedimentation Controls,Controlo de Erosão e Sedimentação,61793540cfbe1d288e97ac69,,
G1070.40,4,Soil Stabilization,Estabilização de Solos,61793540cfbe1d288e97ac69,,
G1070.45,4,Rock Stabilization,Estabilização de Rochas,61793540cfbe1d288e97ac69,,
G1070.50,4,Soil Reinforcement,Contenção de Solos,61793540cfbe1d288e97ac69,,
G1070.55,4,Slope Protection,Contenção de Taludes,61793540cfbe1d288e97ac69,,
G1070.60,4,Gabions,Gabiões,61793540cfbe1d288e97ac69,,
G1070.65,4,Riprap,Enrocamento,61793540cfbe1d288e97ac69,,
G1070.70,4,Wetlands,Terras Húmidas,61793540cfbe1d288e97ac69,,
G1070.80,4,Earth Dams,Barragens de Terra,61793540cfbe1d288e97ac69,,
G1070.90,4,Site Soil Treatment,Tratamento de Solos,61793540cfbe1d288e97ac69,,
G20,2,Site Improvements,Melhorias na Envolvente,,,
G2010,3,Roadways,Vias de Circulação,,,
G2010.10,4,Roadway Pavement,Pavimentos Viários,61793540cfbe1d288e97ac64,,
G2010.20,4,Roadway Curbs and Gutters,Lancís e Caleiras em Vias,61793540cfbe1d288e97ac64,,
G2010.40,4,Roadway Appurtenances,Acessórios Viários,61793540cfbe1d288e97ac64,,
G2010.70,4,Roadway Lighting,Iluminação Viária,61793540cfbe1d288e97ac7e,,
G2010.80,4,Vehicle Fare Collection,Portagens,61793540cfbe1d288e97ac64,,
G2020,3,Parking Lots,Estacionamento,,,
G2020.10,4,Parking Lot Pavement,Pavimentos de Estacionamentos ,61793540cfbe1d288e97ac60,,
G2020.20,4,Parking Lot Curbs and Gutters,Lancís e Caleiras em Estacionamentos,61793540cfbe1d288e97ac60,,
G2020.40,4,Parking Lot Appurtenances,Acessórios de Estacionamentos,61793540cfbe1d288e97ac60,,
G2020.70,4,Parking Lot Lighting,Iluminação de Estacionamentos,61793540cfbe1d288e97ac7e,,
G2020.80,4,Exterior Parking Control Equipment,Controlo de Acesso de Estacionamentos,61793540cfbe1d288e97ac60,,
G2030,3,Pedestrian Plazas and Walkways,Praças e Percursos Pedonais,,,
G2030.10,4,Pedestrian Pavement,Pavimentos Pedonais,61793540cfbe1d288e97ac67,,
G2030.20,4,Pedestrian Pavement Curbs and Gutters,Lancís e Caleiras em Pavimentos Pedonais,61793540cfbe1d288e97ac67,,
G2030.30,4,Exterior Steps and Ramps,Rampas e Escadas Exteriores,61793540cfbe1d288e97ac67,,
G2030.40,4,Pedestrian Pavement Appurtenances,Acessórios de Pavimentos Pedonais,61793540cfbe1d288e97ac67,,
G2030.70,4,Plaza and Walkway Lighting,Iluminação em Espaços Públicos,61793540cfbe1d288e97ac7e,,
G2030.80,4,Exterior Pedestrian Control Equipment,Equipamentos de Controlo Exteriores de Peões,61793540cfbe1d288e97ac67,,
G2040,3,Airfields,Aeródromos,,,
G2040.10,4,Aviation Pavement,Pavimentos de Aviação,61793540cfbe1d288e97ac67,,
G2040.20,4,Aviation Pavement Curbs and Gutters,Lancís e Caleiras em Pavimentos de Aviação,61793540cfbe1d288e97ac67,,
G2040.40,4,Aviation Pavement Appurtenances,Acessórios de Pavimentos de Aviação,61793540cfbe1d288e97ac67,,
G2040.70,4,Airfield Lighting,Iluminação de Pistas Aéreas,61793540cfbe1d288e97ac7e,,
G2040.80,4,Airfield Signaling and Control Equipment,Equipamento de Controlo e Sinalização de Pistas Aéras,61793540cfbe1d288e97ac67,,
G2050,3,"Athletic, Recreational, and Playfield Areas","Áreas Desportivas, de Jogo e de Lazer ",,,
G2050.10,4,Athletic Areas,Áreas Atléticas,61793540cfbe1d288e97ac67,,
G2050.30,4,Recreational Areas,Áreas de Recreio,61793540cfbe1d288e97ac67,,
G2050.50,4,Playfield Areas,Áreas de Jogos,61793540cfbe1d288e97ac67,,
G2060,3,Site Development,Desenvolvimentos no Local da Obra,,,
G2060.10,4,Exterior Fountains,Fontes Exteriores,61793540cfbe1d288e97ac67,,
G2060.20,4,Fences and Gates,Vedações de Portões,61793540cfbe1d288e97ac67,,
G2060.25,4,Site Furnishings,Mobiliário Urbano,61793540cfbe1d288e97ac67,,
G2060.30,4,Exterior Signage,Sinalética Exterior,61793540cfbe1d288e97ac67,,
G2060.35,4,Flagpoles,Mastros de Bandeira,61793540cfbe1d288e97ac67,,
G2060.40,4,Covers and Shelters,Abrigos,61793540cfbe1d288e97ac67,,
G2060.45,4,Exterior Gas Lighting,Iluminação Exterior a Gás,61793540cfbe1d288e97ac67,,
G2060.50,4,Site Equipment,Equipamento de Estaleiro,61793540cfbe1d288e97ac67,,
G2060.60,4,Retaining Walls,Muros de Contenção,61793540cfbe1d288e97ac67,,
G2060.70,4,Site Bridges,Pontes Pedonais/Rodoviárias Pré-Fabricadas e/ou Construídas in situ,61793540cfbe1d288e97ac67,,
G2060.80,4,Site Screening Devices,Paineis e Paredes Auto-portantes para Controlo de Acústico e de Privacidade,61793540cfbe1d288e97ac67,,
G2060.85,4,Site Specialties,Complementos e Acessórios em Arranjos Exteriores,61793540cfbe1d288e97ac67,,
G2080,3,Landscaping,Paisagismo,,,
G2080.10,4,Planting Irrigation,Irrigação,61793540cfbe1d288e97ac61,,
G2080.20,4,Turf and Grasses,Turf e Relva,61793540cfbe1d288e97ac61,,
G2080.30,4,Plants,Plantas,61793540cfbe1d288e97ac61,,
G2080.50,4,Planting Accessories,Acessórios de Plantas,61793540cfbe1d288e97ac61,,
G2080.70,4,Landscape Lighting,Iluminação de Paisagismo,61793540cfbe1d288e97ac7e,,
G2080.80,4,Landscaping Activities,Actividades Relacionadas com Paisagismo,61793540cfbe1d288e97ac4f,,
G30,2,Liquid And Gas Site Utilities,Instalações Hidráulicas e de Gás,,,
G3010,3,Water Utilities,Rede de Distribuição de Água,,,
G3010.10,4,Site Domestic Water Distribution,Distribuição de Abastecimento de Água,61793540cfbe1d288e97ac67,,
G3010.30,4,Site Fire Protection Water Distribution,Distribuição de Abastecimento de Água Serviços Incêndios,61793540cfbe1d288e97ac67,,
G3010.50,4,Site Irrigation Water Distribution,Distribuição de água de rega,61793540cfbe1d288e97ac67,,
G3020,3,Sanitary Sewerage Utilities,Rede de Águas Residuais,,,
G3020.10,4,Sanitary Sewerage Utility Connection,Ligação com Sistemas de Esgotos Sanitários ,61793540cfbe1d288e97ac67,,
G3020.20,4,Sanitary Sewerage Piping,Tubagens de Esgotos Sanitários,61793540cfbe1d288e97ac67,,
G3020.40,4,Utility Septic Tanks,Fossas Sépticas,61793540cfbe1d288e97ac67,,
G3020.50,4,Sanitary Sewerage Structures,Estruturas de Esgotos Sanitários,61793540cfbe1d288e97ac67,,
G3020.60,4,Sanitary Sewerage Lagoons,Lagos de Esgotos Sanitários,61793540cfbe1d288e97ac67,,
G3030,3,Storm Drainage Utilities,Drenagem de Águas Pluviais ,,,
G3030.10,4,Storm Drainage Utility Connection,Ligação com Sistemas de águas pluviais,61793540cfbe1d288e97ac67,,
G3030.20,4,Storm Drainage Piping,Tubagens de Águas Pluviais,61793540cfbe1d288e97ac67,,
G3030.30,4,Culverts,Culverts,61793540cfbe1d288e97ac67,,
G3030.40,4,Site Storm Water Drains,Drenagem Águas Pluviais,61793540cfbe1d288e97ac67,,
G3030.50,4,Storm Drainage Pumps,Bombas de Águas Pluviais,61793540cfbe1d288e97ac67,,
G3030.60,4,Site Subdrainage,Drenagem subterrânea,61793540cfbe1d288e97ac67,,
G3030.70,4,Storm Drainage Ponds and Reservoirs,Reservatório de Águas Pluviais,61793540cfbe1d288e97ac67,,
G3050,3,Site Energy Distribution,Distribuição de Energia no Terreno,,,
G3050.10,4,Site Hydronic Heating Distribution,Redes de Aquecimento,61793540cfbe1d288e97ac67,,
G3050.20,4,Site Steam Energy Distribution,Sistema de Distribuição de Vapor,61793540cfbe1d288e97ac67,,
G3050.40,4,Site Hydronic Cooling Distribution,Redes de Arrefecimento,61793540cfbe1d288e97ac67,,
G3060,3,Site Fuel Distribution,Distribuição de Combustível no Terreno,,,
G3060.10,4,Site Gas Distribution,Distribuição de Gás no Terreno,61793540cfbe1d288e97ac67,,
G3060.20,4,Site Fuel-Oil Distribution,Distribuição de Oleo Combusitvel no Terreno,61793540cfbe1d288e97ac67,,
G3060.30,4,Site Gasoline Distribution,Distribuição de Gásolina no Terreno,61793540cfbe1d288e97ac67,,
G3060.40,4,Site Diesel Fuel Distribution,Distrubição de Gasoleo de combustivel no Terreno,61793540cfbe1d288e97ac67,,
G3060.60,4,Site Aviation Fuel Distribution,Distribuição de Combustível em Aérodromos,61793540cfbe1d288e97ac67,,
G3090,3,Liquid and Gas Site Utilities Supplementary Components,Componentes Suplementares das Instalações Hidráulicas e de Gás ,,,
G3090.10,4,Supplementary Components,Componentes Suplementares,61793540cfbe1d288e97ac67,,
G40,2,Electrical Site Improvements,Melhorias Eléctricas na Envolvente,,,
G4010,3,Site Electric Distribution Systems,Sistemas de Distribuição Eléctrica na Envolvente,,,
G4010.10,4,Electrical Utility Services,Servicos de Utilidades Eléctricas,61793540cfbe1d288e97ac67,,
G4010.20,4,Electric Transmission and Distribution,Posto de Transformação Eléctricos,61793540cfbe1d288e97ac67,,
G4010.30,4,Electrical Substations,Subestações Eléctricas,61793540cfbe1d288e97ac67,,
G4010.40,4,Electrical Transformers,Transformadores Eléctricos,61793540cfbe1d288e97ac67,,
G4010.50,4,Electrical Switchgear and Protection Devices,Disjuntores Eléctricos e Aparelhos de Protecção,61793540cfbe1d288e97ac67,,
G4010.70,4,Site Grounding,Electrodos em Terrenos,61793540cfbe1d288e97ac67,,
G4010.90,4,Electrical Distribution System Instrumentation,Sistemas de Instrumentação de Redes de Distribuição de Eléctricas,61793540cfbe1d288e97ac67,,
G4050,3,Site Lighting,Iluminação na Envolvente,,,
G4050.10,4,Area Lighting,Iluminação Geral,61793540cfbe1d288e97ac67,,
G4050.20,4,Flood Lighting,Iluminação Funcional de Realce,61793540cfbe1d288e97ac67,,
G4050.50,4,Building Illumination,Iluminação Arquitectónica Exterior,61793540cfbe1d288e97ac67,,
G4050.90,4,Exterior Lighting Supplementary Components,Componentes Suplementares de Iluminação Exterior,61793540cfbe1d288e97ac67,,
G50,2,Site Communications,Comunicações na Envolvente  ,,,
G5010,3,Site Communications Systems,Sistemas de Comunicações na Envolvente,,,
G5010.10,4,Site Communications Structures,Estruturas para Distribuição de Comunicações Acima e Abaixo do Solo,61793540cfbe1d288e97ac67,,
G5010.30,4,Site Communications Distribution,Cablagens de Cobre/Fibra Óptica/Outros,61793540cfbe1d288e97ac67,,
G5010.50,4,Wireless Communications Distribution,Sistemas Exteriores de Comunicações Wireless,61793540cfbe1d288e97ac67,,
G90,2,Miscellaneous Site Construction,Construções Variadas no Local da Obra,,,
G9010,3,Tunnels,Túneis,,,
G9010.10,4,Vehicular Tunnels,Túneis Pedonais,61793540cfbe1d288e97ac67,,
G9010.20,4,Pedestrian Tunnels,Túneis Rodoviários,61793540cfbe1d288e97ac67,,
G9010.40,4,Service Tunnels,"Túneis para Transporte e Distribuição de Redes de Energia, Consumo e Esgoto",61793540cfbe1d288e97ac67,,
G9010.90,4,Tunnel Construction Related Activities,Actividades Relacionadas com Construçao de Túneis,61793540cfbe1d288e97ac67,,
